gene_callers_id	contig	start	stop	Archaea_76	Bacteria_71	COG20_CATEGORY	COG20_FUNCTION	COG20_PATHWAY	CyCOGv6	KEGG_BRITE	KEGG_Class	KEGG_Module	KOfam	Protista_83	Ribosomal_RNA_16S	Ribosomal_RNA_23S	Transfer_RNAs	Archaea_76_ACC	Bacteria_71_ACC	COG20_CATEGORY_ACC	COG20_FUNCTION_ACC	COG20_PATHWAY_ACC	CyCOGv6_ACC	KEGG_BRITE_ACC	KEGG_Class_ACC	KEGG_Module_ACC	KOfam_ACC	Protista_83_ACC	Ribosomal_RNA_16S_ACC	Ribosomal_RNA_23S_ACC	Transfer_RNAs_ACC	type
44.0	c_000000000001	38619	39366			Signal transduction mechanisms!!!Transcription	DNA-binding response regulator, OmpR family, contains REC and winged-helix (wHTH) domain (OmpR) (PDB:1XHF)		two component transcriptional regulator, winged helix family	Two-component system>>>OmpR family>>>Unclassified			two-component system, OmpR family, response regulator RpaB							T!!!K	COG0745		CyCOG_60000006	ko02022			K11329					gene
101.0	c_000000000001	86259	86733			Posttranslational modification, protein turnover, chaperones	Peroxiredoxin (Bcp) (PDB:5IPH)		peroxiredoxin Q/BCP	KEGG Orthology (KO)>>>09190 Not Included in Pathway or Brite>>>09191 Unclassified: metabolism>>>99980 Enzymes with EC numbers!!!Enzymes>>>1. Oxidoreductases>>>1.11  Acting on a peroxide as acceptor>>>1.11.1  Peroxidases>>>1.11.1.24  thioredoxin-dependent peroxiredoxin			thioredoxin-dependent peroxiredoxin [EC:1.11.1.24]							O	COG1225		CyCOG_60000804	ko00001!!!ko01000			K03564					gene
102.0	c_000000000001	87379	88669			Replication, recombination and repair	Replication-associated recombination protein RarA (DNA-dependent ATPase) (RarA) (PDB:3PVS)		Recombination protein MgsA	KEGG Orthology (KO)>>>09190 Not Included in Pathway or Brite>>>09192 Unclassified: genetic information processing>>>99976 Replication and repair			putative ATPase							L	COG2256		CyCOG_60000508	ko00001			K07478					gene
191.0	c_000000000001	182653	182932						Protein of unknown function (DUF3134)														CyCOG_60000904									gene
192.0	c_000000000001	183223	184438			Amino acid transport and metabolism	Argininosuccinate synthase (ArgG) (PDB:1J1Z)	Arginine biosynthesis	argininosuccinate synthase	KEGG Orthology (KO)>>>09100 Metabolism>>>09105 Amino acid metabolism>>>00250 Alanine, aspartate and glutamate metabolism [PATH:ko00250]!!!KEGG Orthology (KO)>>>09100 Metabolism>>>09105 Amino acid metabolism>>>00220 Arginine biosynthesis [PATH:ko00220]!!!Enzymes>>>6. Ligases>>>6.3  Forming carbon-nitrogen bonds>>>6.3.4  Other carbon-nitrogen ligases>>>6.3.4.5  argininosuccinate synthase!!!Exosome>>>Exosomal proteins>>>Exosomal proteins of other body fluids (saliva and urine)	Pathway modules; Amino acid metabolism; Arginine and proline metabolism!!!Pathway modules; Amino acid metabolism; Arginine and proline metabolism!!!Pathway modules; Amino acid metabolism; Arginine and proline metabolism	Arginine biosynthesis, ornithine => arginine!!!Arginine biosynthesis, glutamate => acetylcitrulline => arginine!!!Urea cycle	argininosuccinate synthase [EC:6.3.4.5]							E	COG0137	COG0137	CyCOG_60000556	ko00001!!!ko00001!!!ko01000!!!ko04147	M00844!!!M00845!!!M00029	M00844!!!M00845!!!M00029	K01940					gene
210.0	c_000000000001	204563	206174			Nucleotide transport and metabolism	CTP synthase (UTP-ammonia lyase) (PyrG) (PDB:1S1M)	Pyrimidine biosynthesis	CTP synthase	KEGG Orthology (KO)>>>09100 Metabolism>>>09104 Nucleotide metabolism>>>00240 Pyrimidine metabolism [PATH:ko00240]!!!Enzymes>>>6. Ligases>>>6.3  Forming carbon-nitrogen bonds>>>6.3.4  Other carbon-nitrogen ligases>>>6.3.4.2  CTP synthase (glutamine hydrolysing)	Pathway modules; Nucleotide metabolism; Pyrimidine metabolism	Pyrimidine ribonucleotide biosynthesis, UMP => UDP/UTP,CDP/CTP	CTP synthase [EC:6.3.4.2]							F	COG0504	COG0504	CyCOG_60000225	ko00001!!!ko01000	M00052	M00052	K01937					gene
211.0	c_000000000001	206248	208045			Translation, ribosomal structure and biogenesis	Aspartyl-tRNA synthetase (AspS) (PDB:1C0A)	Aminoacyl-tRNA synthetases	aspartyl-tRNA synthetase	KEGG Orthology (KO)>>>09120 Genetic Information Processing>>>09122 Translation>>>00970 Aminoacyl-tRNA biosynthesis [PATH:ko00970]!!!Enzymes>>>6. Ligases>>>6.1  Forming carbon-oxygen bonds>>>6.1.1  Ligases forming aminoacyl-tRNA and related compounds>>>6.1.1.12  aspartate---tRNA ligase!!!Amino acid related enzymes>>>Aminoacyl-tRNA synthetase>>>Class II (A)!!!Transfer RNA biogenesis>>>Eukaryotic type>>>Aminoacyl-tRNA synthetases (AARSs)>>>Multi-aminoacyl-tRNA synthetase complex (MSC)!!!Transfer RNA biogenesis>>>Prokaryotic type>>>Aminoacyl-tRNA synthetases (AARSs)>>>Other AARSs!!!Mitochondrial biogenesis>>>Mitochondrial DNA transcription, translation, and replication factors>>>Mitochondrial transcription and translation factors>>>Other mitochondrial DNA transcription and translation factors			aspartyl-tRNA synthetase [EC:6.1.1.12]							J	COG0173	COG0173	CyCOG_60000308	ko00001!!!ko01000!!!ko01007!!!ko03016!!!ko03016!!!ko03029			K01876					gene
295.0	c_000000000001	294291	295041			Transcription	dsRNA-specific ribonuclease (Rnc) (PDB:1DI2)		RNAse III	Transcription factors>>>Eukaryotic type>>>Other transcription factors>>>Others			ribonuclease III [EC:3.1.26.3]							K	COG0571		CyCOG_60000630	ko03000			K03685					gene
296.0	c_000000000001	295631	295964						hypothetical protein														CyCOG_60000490									gene
308.0	c_000000000001	308519	310052			Nucleotide transport and metabolism!!!Coenzyme transport and metabolism	Cytidylate kinase (Cmk) (PDB:3R20) (PUBMED:19111750;25691594;28928205)!!!Panthothenate synthetase (PanC) (PDB:1DIN) (PUBMED:17968677)	Pantothenate/CoA biosynthesis	pantoate ligase / cytidylate kinase	KEGG Orthology (KO)>>>09100 Metabolism>>>09104 Nucleotide metabolism>>>00240 Pyrimidine metabolism [PATH:ko00240]!!!KEGG Orthology (KO)>>>09100 Metabolism>>>09106 Metabolism of other amino acids>>>00410 beta-Alanine metabolism [PATH:ko00410]!!!KEGG Orthology (KO)>>>09100 Metabolism>>>09108 Metabolism of cofactors and vitamins>>>00770 Pantothenate and CoA biosynthesis [PATH:ko00770]!!!Enzymes>>>2. Transferases>>>2.7  Transferring phosphorus-containing groups>>>2.7.4  Phosphotransferases with a phosphate group as acceptor>>>2.7.4.25  (d)CMP kinase!!!Enzymes>>>6. Ligases>>>6.3  Forming carbon-nitrogen bonds>>>6.3.2  Acid-D-amino-acid ligases (peptide synthases)>>>6.3.2.1  pantoate---beta-alanine ligase (AMP-forming)	Pathway modules; Metabolism of cofactors and vitamins; Cofactor and vitamin metabolism	Pantothenate biosynthesis, valine/L-aspartate => pantothenate	pantoate ligase / CMP/dCMP kinase [EC:6.3.2.1 2.7.4.25]							F!!!H	COG0283!!!COG0414	COG0283!!!COG0414	CyCOG_60000412	ko00001!!!ko00001!!!ko00001!!!ko01000!!!ko01000	M00119	M00119	K13799					gene
309.0	c_000000000001	310149	311193			Nucleotide transport and metabolism	Phosphoribosylaminoimidazole (AIR) synthetase (PurM) (PDB:1CLI)	Purine biosynthesis	phosphoribosylformylglycinamidine cyclo-ligase	KEGG Orthology (KO)>>>09100 Metabolism>>>09104 Nucleotide metabolism>>>00230 Purine metabolism [PATH:ko00230]!!!Enzymes>>>6. Ligases>>>6.3  Forming carbon-nitrogen bonds>>>6.3.3  Cyclo-ligases>>>6.3.3.1  phosphoribosylformylglycinamidine cyclo-ligase	Pathway modules; Nucleotide metabolism; Purine metabolism	De novo purine biosynthesis, PRPP + glutamine => IMP	phosphoribosylformylglycinamidine cyclo-ligase [EC:6.3.3.1]							F	COG0150	COG0150	CyCOG_60000117	ko00001!!!ko01000	M00048	M00048	K01933					gene
347.0	c_000000000001	344918	345650		Ribosomal_S3_C	Translation, ribosomal structure and biogenesis	Ribosomal protein S3 (RpsC) (PDB:1VS6)	Ribosome 30S subunit	SSU ribosomal protein S3P	KEGG Orthology (KO)>>>09120 Genetic Information Processing>>>09122 Translation>>>03010 Ribosome [PATH:ko03010]!!!Ribosome>>>Ribosomal proteins>>>Bacteria>>>Small subunit!!!Ribosome>>>Ribosomal proteins>>>Archaea>>>Small subunit			small subunit ribosomal protein S3						PF00189.20	J	COG0092	COG0092	CyCOG_60000545	ko00001!!!ko03011!!!ko03011			K02982					gene
348.0	c_000000000001	345661	346144	Ribosomal_L16	Ribosomal_L16	Translation, ribosomal structure and biogenesis	Ribosomal protein L16/L10AE (RplP) (PDB:1WKI)	Ribosome 50S subunit	LSU ribosomal protein L16P	KEGG Orthology (KO)>>>09120 Genetic Information Processing>>>09122 Translation>>>03010 Ribosome [PATH:ko03010]!!!Ribosome>>>Ribosomal proteins>>>Mitochondria/ Chloroplast>>>Large subunit!!!Ribosome>>>Ribosomal proteins>>>Bacteria>>>Large subunit			large subunit ribosomal protein L16					PF00252.18	PF00252.18	J	COG0197	COG0197	CyCOG_60000585	ko00001!!!ko03011!!!ko03011			K02878					gene
371.0	c_000000000001	358482	359670			Cell wall/membrane/envelope biogenesis	Alanine racemase (Alr) (PDB:1BD0)	Mureine biosynthesis	alanine racemase	KEGG Orthology (KO)>>>09100 Metabolism>>>09106 Metabolism of other amino acids>>>00470 D-Amino acid metabolism [PATH:ko00470]!!!Enzymes>>>5. Isomerases>>>5.1  Racemases and epimerases>>>5.1.1  Acting on amino acids and derivatives>>>5.1.1.1  alanine racemase!!!Peptidoglycan biosynthesis and degradation proteins>>>Precursor biosynthesis>>>Racemase			alanine racemase [EC:5.1.1.1]							M	COG0787	COG0787	CyCOG_60000155	ko00001!!!ko01000!!!ko01011			K01775					gene
372.0	c_000000000001	359842	360646			Energy production and conversion	Phosphoglycolate phosphatase, HAD superfamily (Gph) (PDB:2NYV)		HAD superfamily phosphatase	KEGG Orthology (KO)>>>09190 Not Included in Pathway or Brite>>>09194 Poorly characterized>>>99996 General function prediction only			HAD superfamily phosphatase							C	COG0546		CyCOG_60000251	ko00001			K11777					gene
393.0	c_000000000001	385019	385865			Amino acid transport and metabolism	Prephenate dehydratase (PheA2) (PDB:1PHZ)	Aromatic amino acid biosynthesis	prephenate dehydratase	KEGG Orthology (KO)>>>09100 Metabolism>>>09105 Amino acid metabolism>>>00350 Tyrosine metabolism [PATH:ko00350]!!!KEGG Orthology (KO)>>>09100 Metabolism>>>09108 Metabolism of cofactors and vitamins>>>00790 Folate biosynthesis [PATH:ko00790]!!!KEGG Orthology (KO)>>>09100 Metabolism>>>09110 Biosynthesis of other secondary metabolites>>>00950 Isoquinoline alkaloid biosynthesis [PATH:ko00950]!!!Enzymes>>>1. Oxidoreductases>>>1.14  Acting on paired donors, with incorporation or reduction of molecular oxygen>>>1.14.16  With reduced pteridine as one donor, and incorporation of one atom of oxygen into the other donor>>>1.14.16.2  tyrosine 3-monooxygenase	Pathway modules; Amino acid metabolism; Aromatic amino acid metabolism	Phenylalanine biosynthesis, chorismate => phenylpyruvate => phenylalanine	prephenate dehydratase [EC:4.2.1.51]							E	COG0077	COG0077	CyCOG_60000192	ko00001!!!ko00001!!!ko00001!!!ko01000	M00024	M00024	K04518					gene
394.0	c_000000000001	385917	386436			Energy production and conversion	Chloroplast senescence-associated protein CSAP, DUF1997 (PF09366) domain (CSAP) (PUBMED:31773253)		Protein of unknown function (DUF1997)											C	COG5783		CyCOG_60000260									gene
439.0	c_000000000001	436017	437247			Cell cycle control, cell division, chromosome partitioning	Peptodoglycan polymerase FtsW/RodA/SpoVE (FtsW) (PDB:6BAR) (PUBMED:30692671)		cell division protein FtsW	KEGG Orthology (KO)>>>09140 Cellular Processes>>>09143 Cell growth and death>>>04112 Cell cycle - Caulobacter [PATH:ko04112]!!!Chromosome and associated proteins>>>Prokaryotic type>>>Chromosome partitioning proteins>>>Divisome proteins!!!Transporters>>>Other transporters>>>Electrochemical potential-driven transporters [TC:2]			cell division protein FtsW							D	COG0772		CyCOG_60000783	ko00001!!!ko03036!!!ko02000			K03588					gene
440.0	c_000000000001	437514	437994			Energy production and conversion	FoF1-type ATP synthase subunit Atp1, cyanobacterial family (Atp1)	FoF1-type ATP synthase	ATP synthase protein I	Photosynthesis proteins>>>Photosystem and electron transport system>>>F-type ATPase [OT]			ATP synthase protein I							C	COG5756	COG5756	CyCOG_60001537	ko00194			K02116					gene
469.0	c_000000000001	461230	461692			General function prediction only	Predicted RNA-binding protein, contains EVE domain (EVE) (PDB:1ZCE) (PUBMED:32652237)		Predicted RNA-binding protein, contains PUA-like domain											R	COG2947		CyCOG_60000337									gene
470.0	c_000000000001	462306	462624						hypothetical protein														CyCOG_60002287									gene
472.0	c_000000000001	464337	464559						hypothetical protein														CyCOG_60009448									gene
473.0	c_000000000001	465037	465178						hypothetical protein														CyCOG_60004077									gene
481.0	c_000000000001	467946	468345						hypothetical protein														CyCOG_60004075									gene
482.0	c_000000000001	468556	468964			Replication, recombination and repair	Endonuclease YncB, thermonuclease family (YncB)		nuclease homologue	KEGG Orthology (KO)>>>09190 Not Included in Pathway or Brite>>>09191 Unclassified: metabolism>>>99980 Enzymes with EC numbers!!!Enzymes>>>3. Hydrolases>>>3.1  Acting on ester bonds>>>3.1.31  Endoribonucleases that are active with either ribo- or deoxyribonucleic acids and produce 3'-phosphomonoesters>>>3.1.31.1  micrococcal nuclease			micrococcal nuclease [EC:3.1.31.1]							L	COG1525		CyCOG_60001628	ko00001!!!ko01000			K01174					gene
483.0	c_000000000001	469202	469361						hypothetical protein														CyCOG_60002529									gene
484.0	c_000000000001	469551	471636			Secondary metabolites biosynthesis, transport and catabolism	Ca2+-binding protein, RTX toxin-related (PDB:1AF0) (PUBMED:15135544)		hypothetical protein											Q	COG2931		CyCOG_60004186									gene
485.0	c_000000000001	472395	473376			Secondary metabolites biosynthesis, transport and catabolism	Dienelactone hydrolase (DLH) (PDB:4ZV9)		Alpha/beta superfamily hydrolase											Q	COG0412		CyCOG_60004245									gene
501.0	c_000000000001	478383	478614						hypothetical protein														CyCOG_60002804									gene
502.0	c_000000000001	479002	479158						hypothetical protein														CyCOG_60000059									gene
508.0	c_000000000001	481893	482175						Protein of unknown function (DUF3764)														CyCOG_60000028									gene
509.0	c_000000000001	482458	482605						hypothetical protein														CyCOG_60001727									gene
529.0	c_000000000001	490107	490308						Protein of unknown function (DUF2839)														CyCOG_60001706									gene
530.0	c_000000000001	490838	492041			Cell wall/membrane/envelope biogenesis!!!Cell motility	Lipopolysaccharide export LptBFGC system, permease protein LptF (LptF) (PDB:6S8H)		lipopolysaccharide export system permease protein	KEGG Orthology (KO)>>>09130 Environmental Information Processing>>>09131 Membrane transport>>>02010 ABC transporters [PATH:ko02010]!!!Transporters>>>ABC transporters, prokaryotic type>>>ABC-2 type and other transporters>>>Lipopolysaccharide transporter			lipopolysaccharide export system permease protein							M!!!N	COG0795		CyCOG_60001135	ko00001!!!ko02000			K11720					gene
532.0	c_000000000001	493650	493800						hypothetical protein														CyCOG_60003672									gene
533.0	c_000000000001	494034	494148						hypothetical protein														CyCOG_60002136									gene
537.0	c_000000000001	494857	494992						hypothetical protein														CyCOG_60001453									gene
538.0	c_000000000001	495931	496555			Translation, ribosomal structure and biogenesis	tRNA G46 N7-methylase TrmB (TrmB) (PDB:1YZH) (PUBMED:19373903;16600901)	tRNA modification	Protein of unknown function (DUF938)											J	COG0220	COG0220	CyCOG_60001267									gene
555.0	c_000000000001	506367	506697						hypothetical protein														CyCOG_60001502									gene
556.0	c_000000000001	506999	507335			Function unknown	Uncharacterized membrane protein YhaH, DUF805 family (yhaH)		Uncharacterized membrane protein YhaH, DUF805 family											S	COG3152		CyCOG_60001486									gene
618.0	c_000000000001	557304	557580			Replication, recombination and repair	Bacterial nucleoid DNA-binding protein IHF-alpha (HimA) (PDB:1B8Z)		bacterial nucleoid protein Hbs	DNA replication proteins>>>Prokaryotic type>>>DNA Replication Initiation Factors>>>Initiation factors (bacterial)!!!Chromosome and associated proteins>>>Prokaryotic type>>>Nucleoid associated proteins>>>HU (heat unstable protein)!!!DNA repair and recombination proteins>>>Prokaryotic type>>>DSBR (double strand breaks repair)>>>NHEJ (non-homologous end-joining)>>>SHIIR (short-homology-independent illegitimate recombination)>>>Supressor			DNA-binding protein HU-beta							L	COG0776		CyCOG_60000770	ko03032!!!ko03036!!!ko03400			K03530					gene
619.0	c_000000000001	557708	558038						hypothetical protein														CyCOG_60001548									gene
718.0	c_000000000001	653968	655024			Cell wall/membrane/envelope biogenesis	Periplasmic protein Wza involved in polysaccharide export, contains SLBB domain of the beta-grasp fold (Wza) (PDB:2J58) (PUBMED:17250770)		polysaccharide export outer membrane protein	KEGG Orthology (KO)>>>09130 Environmental Information Processing>>>09132 Signal transduction>>>02020 Two-component system [PATH:ko02020]!!!KEGG Orthology (KO)>>>09140 Cellular Processes>>>09145 Cellular community - prokaryotes>>>02026 Biofilm formation - Escherichia coli [PATH:ko02026]!!!Transporters>>>Other transporters>>>Pores ion channels [TC:1]			polysaccharide biosynthesis/export protein							M	COG1596		CyCOG_60001471	ko00001!!!ko00001!!!ko02000			K01991					gene
719.0	c_000000000001	655552	656701			Cell wall/membrane/envelope biogenesis	Glycosyltransferase involved in cell wall bisynthesis (RfaB) (PDB:2IV7)		Glycosyltransferase involved in cell wall bisynthesis											M	COG0438		CyCOG_60001872									gene
779.0	c_000000000001	712167	713190			Inorganic ion transport and metabolism	ABC-type Fe3+ transport system, periplasmic component (AfuA) (PDB:6IVY)		iron(III) transport system substrate-binding protein	KEGG Orthology (KO)>>>09130 Environmental Information Processing>>>09131 Membrane transport>>>02010 ABC transporters [PATH:ko02010]!!!Transporters>>>ABC transporters, prokaryotic type>>>Mineral and organic ion transporters>>>Iron(III) transporter			iron(III) transport system substrate-binding protein							P	COG1840		CyCOG_60000706	ko00001!!!ko02000			K02012					gene
780.0	c_000000000001	713627	713783						hypothetical protein														CyCOG_60001790									gene
812.0	c_000000000001	741540	741684						hypothetical protein														CyCOG_60001596									gene
813.0	c_000000000001	742038	742335						hypothetical protein														CyCOG_60001470									gene
830.0	c_000000000001	750591	751083						AAA domain-containing protein														CyCOG_60002007									gene
831.0	c_000000000001	751391	751616						hypothetical protein														CyCOG_60002474									gene
832.0	c_000000000001	751661	753677			Cell wall/membrane/envelope biogenesis	Peptidoglycan/LPS O-acetylase OafA/YrhL, contains acyltransferase and SGNH-hydrolase domains (OafA)		Peptidoglycan/LPS O-acetylase OafA/YrhL, contains acyltransferase and SGNH-hydrolase domains	KEGG Orthology (KO)>>>09100 Metabolism>>>09107 Glycan biosynthesis and metabolism>>>00543 Exopolysaccharide biosynthesis [PATH:ko00543]			exopolysaccharide production protein ExoZ							M	COG1835		CyCOG_60002224	ko00001			K16568					gene
833.0	c_000000000001	754236	754506						hypothetical protein														CyCOG_60001321									gene
834.0	c_000000000001	754754	756230			Function unknown	Uncharacterized conserved protein, contains a C-terminal beta-barrel porin domain		Autotransporter beta-domain-containing protein											S	COG4625		CyCOG_60003264									gene
835.0	c_000000000001	756858	756996						hypothetical protein														CyCOG_60002590									gene
858.0	c_000000000001	780636	782325			Replication, recombination and repair	ATPase/5-3 helicase helicase subunit RecD of the DNA repair enzyme RecBCD (exonuclease V) (RecD) (PDB:1W36) (PUBMED:29901759;30601118)		DNA helicase/exodeoxyribonuclease V, alpha subunit	KEGG Orthology (KO)>>>09120 Genetic Information Processing>>>09124 Replication and repair>>>03440 Homologous recombination [PATH:ko03440]!!!Enzymes>>>3. Hydrolases>>>3.1  Acting on ester bonds>>>3.1.11  Exodeoxyribonucleases producing 5'-phosphomonoesters>>>3.1.11.5  exodeoxyribonuclease V!!!DNA repair and recombination proteins>>>Prokaryotic type>>>DSBR (double strand breaks repair)>>>HR (homologous recombination)>>>RecBC pathway proteins			exodeoxyribonuclease V alpha subunit [EC:3.1.11.5]							L	COG0507		CyCOG_60001134	ko00001!!!ko01000!!!ko03400			K03581					gene
859.0	c_000000000001	782462	784241			Replication, recombination and repair	Superfamily II DNA and RNA helicase (SrmB) (PDB:3RRM)		ATP-dependent RNA helicase CsdA	KEGG Orthology (KO)>>>09120 Genetic Information Processing>>>09123 Folding, sorting and degradation>>>03018 RNA degradation [PATH:ko03018]!!!Enzymes>>>3. Hydrolases>>>3.6  Acting on acid anhydrides>>>3.6.4  Acting on acid anhydrides to facilitate cellular and subcellular movement>>>3.6.4.13  RNA helicase!!!Messenger RNA biogenesis>>>Prokaryotic type>>>Bacterial mRNA degradation factors>>>RNA degradosome components>>>Helicases!!!Ribosome biogenesis>>>Prokaryotic type>>>rRNA helicases			ATP-dependent RNA helicase DeaD [EC:3.6.4.13]							L	COG0513		CyCOG_60001040	ko00001!!!ko01000!!!ko03019!!!ko03009			K05592					gene
883.0	c_000000000001	807998	809117			Signal transduction mechanisms	K+-sensing histidine kinase KdpD (KdpD) (PDB:2KSF)		histidine kinase	KEGG Orthology (KO)>>>09130 Environmental Information Processing>>>09132 Signal transduction>>>02020 Two-component system [PATH:ko02020]!!!Enzymes>>>2. Transferases>>>2.7  Transferring phosphorus-containing groups>>>2.7.13  Protein-histidine kinases>>>2.7.13.3  histidine kinase!!!Protein kinases>>>Histidine kinases>>>OmpR family!!!Two-component system>>>OmpR family>>>SasA-RpaAB (circadian timing mediating)			two-component system, OmpR family, clock-associated histidine kinase SasA [EC:2.7.13.3]							T	COG2205		CyCOG_60001039	ko00001!!!ko01000!!!ko01001!!!ko02022			K08479					gene
884.0	c_000000000001	809258	809795			Translation, ribosomal structure and biogenesis	Ribosome association toxin PasT (RatA) of the RatAB toxin-antitoxin module (PasT) (PDB:1T17) (PUBMED:21323758)		Polyketide cyclase / dehydrase and lipid transport											J	COG2867		CyCOG_60001327									gene
927.0	c_000000000001	848869	849013						hypothetical protein														CyCOG_60001903									gene
928.0	c_000000000001	849629	849803						hypothetical protein														CyCOG_60001427									gene
937.0	c_000000000001	856417	856558						hypothetical protein														CyCOG_60003101									gene
938.0	c_000000000001	857224	857515						hypothetical protein														CyCOG_60001494									gene
1005.0	c_000000000001	891321	892134			Inorganic ion transport and metabolism	Sulfite exporter TauE/SafE/YfcA and related permeases, UPF0721 family (TauE) (PUBMED:21183667;22797525)		hypothetical protein	KEGG Orthology (KO)>>>09190 Not Included in Pathway or Brite>>>09194 Poorly characterized>>>99997 Function unknown			uncharacterized protein							P	COG0730		CyCOG_60001305	ko00001			K07090					gene
1006.0	c_000000000001	892623	892851						hypothetical protein														CyCOG_60001492									gene
1018.0	c_000000000001	900039	901194			Amino acid transport and metabolism	Branched-chain amino acid ABC-type transport system, permease component (LivH)		urea ABC transporter membrane protein	KEGG Orthology (KO)>>>09130 Environmental Information Processing>>>09131 Membrane transport>>>02010 ABC transporters [PATH:ko02010]!!!KEGG Orthology (KO)>>>09140 Cellular Processes>>>09145 Cellular community - prokaryotes>>>02024 Quorum sensing [PATH:ko02024]!!!Transporters>>>ABC transporters, prokaryotic type>>>Phosphate and amino acid transporters>>>Branched-chain amino acid transporter			urea transport system permease protein							E	COG0559		CyCOG_60001300	ko00001!!!ko00001!!!ko02000			K11960					gene
1019.0	c_000000000001	901275	902595			Amino acid transport and metabolism	ABC-type branched-chain amino acid transport system, periplasmic component (LivK) (PDB:1USG)		urea-binding protein	KEGG Orthology (KO)>>>09130 Environmental Information Processing>>>09131 Membrane transport>>>02010 ABC transporters [PATH:ko02010]!!!Transporters>>>ABC transporters, prokaryotic type>>>Phosphate and amino acid transporters>>>Urea transporter			urea transport system substrate-binding protein							E	COG0683		CyCOG_60001296	ko00001!!!ko02000			K11959					gene
1040.0	c_000000000001	918703	919846			Amino acid transport and metabolism!!!Nucleotide transport and metabolism	Carbamoylphosphate synthase small subunit (CarA) (PDB:1C30)	Arginine biosynthesis	carbamoyl-phosphate synthase small subunit	KEGG Orthology (KO)>>>09100 Metabolism>>>09104 Nucleotide metabolism>>>00240 Pyrimidine metabolism [PATH:ko00240]!!!KEGG Orthology (KO)>>>09100 Metabolism>>>09105 Amino acid metabolism>>>00250 Alanine, aspartate and glutamate metabolism [PATH:ko00250]!!!Enzymes>>>6. Ligases>>>6.3  Forming carbon-nitrogen bonds>>>6.3.5  Carbon-nitrogen ligases with glutamine as amido-N-donor>>>6.3.5.5  carbamoyl-phosphate synthase (glutamine-hydrolysing)	Pathway modules; Nucleotide metabolism; Pyrimidine metabolism	De novo pyrimidine biosynthesis, glutamine (+ PRPP) => UMP	carbamoyl-phosphate synthase small subunit [EC:6.3.5.5]							E!!!F	COG0505	COG0505	CyCOG_60001170	ko00001!!!ko00001!!!ko01000	M00051	M00051	K01956					gene
1041.0	c_000000000001	920274	920667			Translation, ribosomal structure and biogenesis	23S rRNA maturation mini-RNase III (MrnC) (PDB:1U61)	23S rRNA modification	ribonuclease-3 family protein	Enzymes>>>3. Hydrolases>>>3.1  Acting on ester bonds>>>3.1.26  Endoribonucleases producing 5'-phosphomonoesters>>>3.1.26.-!!!Ribosome biogenesis>>>Prokaryotic type>>>rRNA processing factors			mini-ribonuclease III [EC:3.1.26.-]							J	COG1939	COG1939	CyCOG_60001245	ko01000!!!ko03009			K11145					gene
1059.0	c_000000000001	937083	937401			Energy production and conversion	Uncharacterized cyanobacterial/plant membrane protein Pro0765, DUF3082 (PF11282) domain (Pro0765)		Protein of unknown function (DUF3082)											C	COG5773		CyCOG_60001343									gene
1060.0	c_000000000001	937584	938568			Energy production and conversion	Pyruvate/2-oxoglutarate/acetoin dehydrogenase complex, dehydrogenase (E1) component, beta subunit (AcoB) (PDB:2OZL)	Pyruvate oxidation	pyruvate dehydrogenase E1 component beta subunit	KEGG Orthology (KO)>>>09100 Metabolism>>>09101 Carbohydrate metabolism>>>00010 Glycolysis / Gluconeogenesis [PATH:ko00010]!!!KEGG Orthology (KO)>>>09100 Metabolism>>>09101 Carbohydrate metabolism>>>00020 Citrate cycle (TCA cycle) [PATH:ko00020]!!!KEGG Orthology (KO)>>>09100 Metabolism>>>09101 Carbohydrate metabolism>>>00620 Pyruvate metabolism [PATH:ko00620]!!!KEGG Orthology (KO)>>>09100 Metabolism>>>09108 Metabolism of cofactors and vitamins>>>00785 Lipoic acid metabolism [PATH:ko00785]!!!KEGG Orthology (KO)>>>09130 Environmental Information Processing>>>09132 Signal transduction>>>04066 HIF-1 signaling pathway [PATH:ko04066]!!!Enzymes>>>1. Oxidoreductases>>>1.2  Acting on the aldehyde or oxo group of donors>>>1.2.4  With a disulfide as acceptor>>>1.2.4.1  pyruvate dehydrogenase (acetyl-transferring)	Pathway modules; Carbohydrate metabolism; Central carbohydrate metabolism	Pyruvate oxidation, pyruvate => acetyl-CoA	pyruvate dehydrogenase E1 component subunit beta [EC:1.2.4.1]							C	COG0022	COG0022	CyCOG_60000665	ko00001!!!ko00001!!!ko00001!!!ko00001!!!ko00001!!!ko01000	M00307	M00307	K00162					gene
1138.0	c_000000000001	1011970	1012120						hypothetical protein														CyCOG_60001625									gene
1139.0	c_000000000001	1012338	1012575						Protein of unknown function (DUF1651)														CyCOG_60001426									gene
1176.0	c_000000000001	1042995	1043778			Coenzyme transport and metabolism	Dihydropteroate synthase (FolP) (PDB:1AD1)	Folate biosynthesis	Dihydropteroate synthase	KEGG Orthology (KO)>>>09100 Metabolism>>>09108 Metabolism of cofactors and vitamins>>>00790 Folate biosynthesis [PATH:ko00790]!!!Enzymes>>>2. Transferases>>>2.5  Transferring alkyl or aryl groups, other than methyl groups>>>2.5.1  Transferring alkyl or aryl groups, other than methyl groups (only sub-subclass identified to date)>>>2.5.1.15  dihydropteroate synthase	Pathway modules; Metabolism of cofactors and vitamins; Cofactor and vitamin metabolism	Tetrahydrofolate biosynthesis, GTP => THF	dihydropteroate synthase [EC:2.5.1.15]							H	COG0294	COG0294	CyCOG_60000432	ko00001!!!ko01000	M00126	M00126	K00796					gene
1177.0	c_000000000001	1043821	1044508	TIM		Carbohydrate transport and metabolism	Triosephosphate isomerase (TpiA) (PDB:1HG3)	Glycolysis	triosephosphate isomerase	KEGG Orthology (KO)>>>09100 Metabolism>>>09101 Carbohydrate metabolism>>>00010 Glycolysis / Gluconeogenesis [PATH:ko00010]!!!KEGG Orthology (KO)>>>09100 Metabolism>>>09101 Carbohydrate metabolism>>>00051 Fructose and mannose metabolism [PATH:ko00051]!!!KEGG Orthology (KO)>>>09100 Metabolism>>>09101 Carbohydrate metabolism>>>00562 Inositol phosphate metabolism [PATH:ko00562]!!!KEGG Orthology (KO)>>>09100 Metabolism>>>09102 Energy metabolism>>>00710 Carbon fixation in photosynthetic organisms [PATH:ko00710]!!!Enzymes>>>5. Isomerases>>>5.3  Intramolecular oxidoreductases>>>5.3.1  Interconverting aldoses and ketoses, and related compounds>>>5.3.1.1  triose-phosphate isomerase!!!Exosome>>>Exosomal proteins>>>Exosomal proteins of colorectal cancer cells!!!Exosome>>>Exosomal proteins>>>Exosomal proteins of bladder cancer cells!!!Exosome>>>Exosomal proteins>>>Exosomal proteins of melanoma cells	Pathway modules; Carbohydrate metabolism; Central carbohydrate metabolism!!!Pathway modules; Carbohydrate metabolism; Central carbohydrate metabolism!!!Pathway modules; Carbohydrate metabolism; Central carbohydrate metabolism	Glycolysis (Embden-Meyerhof pathway), glucose => pyruvate!!!Glycolysis, core module involving three-carbon compounds!!!Gluconeogenesis, oxaloacetate => fructose-6P	triosephosphate isomerase (TIM) [EC:5.3.1.1]					PF00121.18		G	COG0149	COG0149	CyCOG_60000500	ko00001!!!ko00001!!!ko00001!!!ko00001!!!ko01000!!!ko04147!!!ko04147!!!ko04147	M00001!!!M00002!!!M00003	M00001!!!M00002!!!M00003	K01803					gene
1184.0	c_000000000001	1051678	1052644			Amino acid transport and metabolism	L-asparaginase II (AnsA2)		asparaginase											E	COG4448		CyCOG_60001004									gene
1185.0	c_000000000001	1054071	1054347						hypothetical protein														CyCOG_60001321									gene
1196.0	c_000000000001	1057828	1058191						hypothetical protein														CyCOG_60002115									gene
1197.0	c_000000000001	1059059	1059392						hypothetical protein														CyCOG_60001662									gene
1199.0	c_000000000001	1059977	1060136						hypothetical protein														CyCOG_60001725									gene
1200.0	c_000000000001	1060543	1060840						hypothetical protein														CyCOG_60001474									gene
1246.0	c_000000000001	1094973	1096269			Carbohydrate transport and metabolism	Glucose-1-phosphate adenylyltransferase (ADP-glucose pyrophosphorylase) (GlgC) (PDB:5MNI) (PUBMED:27545622)		glucose-1-phosphate adenylyltransferase	KEGG Orthology (KO)>>>09100 Metabolism>>>09101 Carbohydrate metabolism>>>00500 Starch and sucrose metabolism [PATH:ko00500]!!!KEGG Orthology (KO)>>>09100 Metabolism>>>09101 Carbohydrate metabolism>>>00520 Amino sugar and nucleotide sugar metabolism [PATH:ko00520]!!!KEGG Orthology (KO)>>>09140 Cellular Processes>>>09145 Cellular community - prokaryotes>>>02026 Biofilm formation - Escherichia coli [PATH:ko02026]!!!Enzymes>>>2. Transferases>>>2.7  Transferring phosphorus-containing groups>>>2.7.7  Nucleotidyltransferases>>>2.7.7.27  glucose-1-phosphate adenylyltransferase	Pathway modules; Carbohydrate metabolism; Other carbohydrate metabolism!!!Pathway modules; Carbohydrate metabolism; Other carbohydrate metabolism	Glycogen biosynthesis, glucose-1P => glycogen/starch!!!Trehalose biosynthesis, D-glucose 1P => trehalose	glucose-1-phosphate adenylyltransferase [EC:2.7.7.27]							G	COG0448		CyCOG_60000764	ko00001!!!ko00001!!!ko00001!!!ko01000	M00854!!!M00565	M00854!!!M00565	K00975					gene
1247.0	c_000000000001	1096407	1097709			Coenzyme transport and metabolism	Glutamyl-tRNA reductase (HemA) (PDB:2XOE)	Heme biosynthesis	glutamyl-tRNA reductase	KEGG Orthology (KO)>>>09100 Metabolism>>>09108 Metabolism of cofactors and vitamins>>>00860 Porphyrin metabolism [PATH:ko00860]!!!Enzymes>>>1. Oxidoreductases>>>1.2  Acting on the aldehyde or oxo group of donors>>>1.2.1  With NAD+ or NADP+ as acceptor>>>1.2.1.70  glutamyl-tRNA reductase	Pathway modules; Metabolism of cofactors and vitamins; Cofactor and vitamin metabolism!!!Pathway modules; Metabolism of cofactors and vitamins; Cofactor and vitamin metabolism!!!Pathway modules; Metabolism of cofactors and vitamins; Cofactor and vitamin metabolism	Siroheme biosynthesis, glutamyl-tRNA => siroheme!!!Heme biosynthesis, plants and bacteria, glutamate => heme!!!Heme biosynthesis, bacteria, glutamyl-tRNA => coproporphyrin III => heme	glutamyl-tRNA reductase [EC:1.2.1.70]							H	COG0373	COG0373	CyCOG_60000891	ko00001!!!ko01000	M00846!!!M00121!!!M00926	M00846!!!M00121!!!M00926	K02492					gene
1262.0	c_000000000001	1114979	1115684	Ribosomal_S2	Ribosomal_S2	Translation, ribosomal structure and biogenesis	Ribosomal protein S2 (RpsB) (PDB:4V4H)	Ribosome 30S subunit	SSU ribosomal protein S2P	KEGG Orthology (KO)>>>09120 Genetic Information Processing>>>09122 Translation>>>03010 Ribosome [PATH:ko03010]!!!Ribosome>>>Ribosomal proteins>>>Mitochondria/ Chloroplast>>>Small subunit!!!Ribosome>>>Ribosomal proteins>>>Bacteria>>>Small subunit!!!Ribosome>>>Ribosomal proteins>>>Archaea>>>Small subunit			small subunit ribosomal protein S2					PF00318.20	PF00318.20	J	COG0052	COG0052	CyCOG_60001058	ko00001!!!ko03011!!!ko03011!!!ko03011			K02967					gene
1263.0	c_000000000001	1115834	1116752			Carbohydrate transport and metabolism	Glycosyltransferase, GT2 family (WcaE) (PDB:2Z86)		Glycosyltransferase, GT2 family											G	COG1216		CyCOG_60001026									gene
1336.0	c_000000000001	1166245	1166974			Nucleotide transport and metabolism	GMP synthase, glutamine amidotransferase domain (GuaA1) (PDB:4WIM)	Purine biosynthesis	GMP synthase - Glutamine amidotransferase	KEGG Orthology (KO)>>>09100 Metabolism>>>09104 Nucleotide metabolism>>>00240 Pyrimidine metabolism [PATH:ko00240]!!!KEGG Orthology (KO)>>>09100 Metabolism>>>09105 Amino acid metabolism>>>00250 Alanine, aspartate and glutamate metabolism [PATH:ko00250]!!!Enzymes>>>2. Transferases>>>2.1  Transferring one-carbon groups>>>2.1.3  Carboxy- and carbamoyltransferases>>>2.1.3.2  aspartate carbamoyltransferase!!!Enzymes>>>3. Hydrolases>>>3.5  Acting on carbon-nitrogen bonds, other than peptide bonds>>>3.5.2  In cyclic amides>>>3.5.2.3  dihydroorotase!!!Enzymes>>>6. Ligases>>>6.3  Forming carbon-nitrogen bonds>>>6.3.5  Carbon-nitrogen ligases with glutamine as amido-N-donor>>>6.3.5.5  carbamoyl-phosphate synthase (glutamine-hydrolysing)!!!Peptidases and inhibitors>>>Cysteine peptidases>>>Family C26: gamma-glutamyl hydrolase family!!!Peptidases and inhibitors>>>Metallo peptidases>>>Family M38: beta-aspartyl dipeptidase family	Pathway modules; Nucleotide metabolism; Purine metabolism	Guanine ribonucleotide biosynthesis, IMP => GDP,GTP	GMP synthase (glutamine-hydrolysing) [EC:6.3.5.2]							F	COG0518	COG0518	CyCOG_60001387	ko00001!!!ko00001!!!ko01000!!!ko01000!!!ko01000!!!ko01002!!!ko01002	M00050	M00050	K01951					gene
1337.0	c_000000000001	1167286	1167952			General function prediction only	Short-chain dehydrogenase (YqjQ)		Short-chain dehydrogenase											R	COG0300		CyCOG_60001069									gene
1346.0	c_000000000001	1171047	1171230						hypothetical protein														CyCOG_60001817									gene
1347.0	c_000000000001	1171267	1171429						hypothetical protein														CyCOG_60002077									gene
1348.0	c_000000000001	1171900	1172110						hypothetical protein														CyCOG_60001678									gene
1431.0	c_000000000001	1239556	1240528			Coenzyme transport and metabolism	Geranylgeranyl pyrophosphate synthase (IspA) (PDB:2AZJ)	Isoprenoid biosynthesis	all-trans-nonaprenyl-diphosphate synthase	KEGG Orthology (KO)>>>09100 Metabolism>>>09109 Metabolism of terpenoids and polyketides>>>00900 Terpenoid backbone biosynthesis [PATH:ko00900]!!!Enzymes>>>2. Transferases>>>2.5  Transferring alkyl or aryl groups, other than methyl groups>>>2.5.1  Transferring alkyl or aryl groups, other than methyl groups (only sub-subclass identified to date)>>>2.5.1.84  all-trans-nonaprenyl diphosphate synthase [geranyl-diphosphate specific]!!!Enzymes>>>2. Transferases>>>2.5  Transferring alkyl or aryl groups, other than methyl groups>>>2.5.1  Transferring alkyl or aryl groups, other than methyl groups (only sub-subclass identified to date)>>>2.5.1.85  all-trans-nonaprenyl diphosphate synthase [geranylgeranyl-diphosphate specific]!!!Prenyltransferases>>>Terpene biosynthesis>>>Prenyl diphosphate synthase			all-trans-nonaprenyl-diphosphate synthase [EC:2.5.1.84 2.5.1.85]							H	COG0142	COG0142	CyCOG_60000725	ko00001!!!ko01000!!!ko01000!!!ko01006			K05356					gene
1432.0	c_000000000001	1240555	1241350			Cell wall/membrane/envelope biogenesis	Glutamate racemase (MurI) (PDB:1B73)	Mureine biosynthesis	glutamate racemase	KEGG Orthology (KO)>>>09100 Metabolism>>>09106 Metabolism of other amino acids>>>00470 D-Amino acid metabolism [PATH:ko00470]!!!Enzymes>>>5. Isomerases>>>5.1  Racemases and epimerases>>>5.1.1  Acting on amino acids and derivatives>>>5.1.1.3  glutamate racemase!!!Peptidoglycan biosynthesis and degradation proteins>>>Precursor biosynthesis>>>Racemase			glutamate racemase [EC:5.1.1.3]							M	COG0796	COG0796	CyCOG_60000868	ko00001!!!ko01000!!!ko01011			K01776					gene
1501.0	c_000000000001	1310137	1310449			Secondary metabolites biosynthesis, transport and catabolism!!!Energy production and conversion	Carboxysome shell and ethanolamine utilization microcompartment protein CcmL/EutN (CcmK) (PDB:2A10)		BMC domain-containing protein	KEGG Orthology (KO)>>>09190 Not Included in Pathway or Brite>>>09191 Unclassified: metabolism>>>99985 Amino acid metabolism			ethanolamine utilization protein EutM							Q!!!C	COG4577		CyCOG_60000979	ko00001			K04027					gene
1502.0	c_000000000001	1310775	1311363	Ham1p_like	Ham1p_like	Nucleotide transport and metabolism	Inosine/xanthosine triphosphate pyrophosphatase, all-alpha NTP-PPase family (RdgB) (PDB:1B78)		XTP/dITP diphosphohydrolase	KEGG Orthology (KO)>>>09100 Metabolism>>>09104 Nucleotide metabolism>>>00230 Purine metabolism [PATH:ko00230]!!!KEGG Orthology (KO)>>>09100 Metabolism>>>09111 Xenobiotics biodegradation and metabolism>>>00983 Drug metabolism - other enzymes [PATH:ko00983]!!!Enzymes>>>3. Hydrolases>>>3.6  Acting on acid anhydrides>>>3.6.1  In phosphorus-containing anhydrides>>>3.6.1.66  XTP/dITP diphosphatase			XTP/dITP diphosphohydrolase [EC:3.6.1.66]					PF01725.16	PF01725.16	F	COG0127		CyCOG_60000020	ko00001!!!ko00001!!!ko01000			K01519					gene
1538.0	c_000000000001	1345888	1346437			Energy production and conversion	Inorganic pyrophosphatase (Ppa) (PDB:117E)		inorganic pyrophosphatase	KEGG Orthology (KO)>>>09100 Metabolism>>>09102 Energy metabolism>>>00190 Oxidative phosphorylation [PATH:ko00190]!!!Enzymes>>>3. Hydrolases>>>3.6  Acting on acid anhydrides>>>3.6.1  In phosphorus-containing anhydrides>>>3.6.1.1  inorganic diphosphatase			inorganic pyrophosphatase [EC:3.6.1.1]							C	COG0221		CyCOG_60000692	ko00001!!!ko01000			K01507					gene
1539.0	c_000000000001	1346767	1347118						hypothetical protein														CyCOG_60000773									gene
1574.0	c_000000000001	1378028	1378511		Ribosomal_L19	Translation, ribosomal structure and biogenesis	Ribosomal protein L19 (RplS) (PDB:1VS6) (PUBMED:27941785)	Ribosome 50S subunit	LSU ribosomal protein L19P	KEGG Orthology (KO)>>>09120 Genetic Information Processing>>>09122 Translation>>>03010 Ribosome [PATH:ko03010]!!!Ribosome>>>Ribosomal proteins>>>Mitochondria/ Chloroplast>>>Large subunit!!!Ribosome>>>Ribosomal proteins>>>Bacteria>>>Large subunit			large subunit ribosomal protein L19						PF01245.20	J	COG0335	COG0335	CyCOG_60000616	ko00001!!!ko03011!!!ko03011			K02884					gene
1575.0	c_000000000001	1378677	1378866						hypothetical protein														CyCOG_60000834									gene
1602.0	c_000000000001	1402053	1402866			Coenzyme transport and metabolism	Heme A synthase (CtaA) (PDB:6A2J)		cytochrome c oxidase assembly protein subunit 15	KEGG Orthology (KO)>>>09100 Metabolism>>>09102 Energy metabolism>>>00190 Oxidative phosphorylation [PATH:ko00190]!!!KEGG Orthology (KO)>>>09100 Metabolism>>>09108 Metabolism of cofactors and vitamins>>>00860 Porphyrin metabolism [PATH:ko00860]!!!KEGG Orthology (KO)>>>09130 Environmental Information Processing>>>09132 Signal transduction>>>02020 Two-component system [PATH:ko02020]!!!Enzymes>>>1. Oxidoreductases>>>1.17  Acting on CH or CH2 groups>>>1.17.99  With unknown physiological acceptors>>>1.17.99.9  heme a synthase!!!Mitochondrial biogenesis>>>Mitochondrial quality control factors>>>Mitochondrial respiratory chain complex assembly factors>>>Complex-IV assembly factors	Pathway modules; Energy metabolism; ATP synthesis	Cytochrome c oxidase	heme a synthase [EC:1.17.99.9]							H	COG1612		CyCOG_60000194	ko00001!!!ko00001!!!ko00001!!!ko01000!!!ko03029	M00154	M00154	K02259					gene
1603.0	c_000000000001	1403240	1404044			Energy production and conversion	Heme/copper-type cytochrome/quinol oxidase, subunit 2 (CyoA) (PDB:1CYW)		cytochrome c oxidase subunit 2	KEGG Orthology (KO)>>>09100 Metabolism>>>09102 Energy metabolism>>>00190 Oxidative phosphorylation [PATH:ko00190]!!!Enzymes>>>7. Translocases>>>7.1  Catalysing the translocation of protons>>>7.1.1  Linked to oxidoreductase reactions>>>7.1.1.9  cytochrome-c oxidase	Pathway modules; Energy metabolism; ATP synthesis	Cytochrome c oxidase, prokaryotes	cytochrome c oxidase subunit II [EC:7.1.1.9]							C	COG1622		CyCOG_60000067	ko00001!!!ko01000	M00155	M00155	K02275					gene
1638.0	c_000000000001	1437951	1438254						Glutaredoxin-like domain (DUF836)														CyCOG_60000989									gene
1639.0	c_000000000001	1438590	1439199			Translation, ribosomal structure and biogenesis	Ribosomal protein S4 or related protein (RpsD) (PDB:4V4H)	Ribosome 30S subunit	SSU ribosomal protein S4P	KEGG Orthology (KO)>>>09120 Genetic Information Processing>>>09122 Translation>>>03010 Ribosome [PATH:ko03010]!!!Ribosome>>>Ribosomal proteins>>>Bacteria>>>Small subunit!!!Ribosome>>>Ribosomal proteins>>>Archaea>>>Small subunit			small subunit ribosomal protein S4							J	COG0522	COG0522	CyCOG_60000776	ko00001!!!ko03011!!!ko03011			K02986					gene
1679.0	c_000000000001	1470210	1470357						hypothetical protein														CyCOG_60003228									gene
1680.0	c_000000000001	1470662	1470935						Protein of unknown function (DUF3303)														CyCOG_60001466									gene
1690.0	c_000000000001	1477132	1477297						hypothetical protein														CyCOG_60001377									gene
1691.0	c_000000000001	1477978	1478137						hypothetical protein														CyCOG_60001855									gene
1701.0	c_000000000001	1482016	1482199						hypothetical protein														CyCOG_60001424									gene
1702.0	c_000000000001	1483331	1483733			Transcription	DNA-binding transcriptional regulator, MarR family (MarR) (PDB:1JGS)		DNA-binding transcriptional regulator, MarR family											K	COG1846		CyCOG_60002212									gene
1740.0	c_000000000001	1504114	1504504						hypothetical protein														CyCOG_60001359									gene
1741.0	c_000000000001	1504917	1505061						hypothetical protein														CyCOG_60002366									gene
1742.0	c_000000000001	1505551	1505806						Protein of unknown function (DUF3104)														CyCOG_60000709									gene
1748.0	c_000000000001	1510097	1510976			Replication, recombination and repair	Formamidopyrimidine-DNA glycosylase (Nei) (PDB:1EE8)		DNA-(apurinic or apyrimidinic site) lyase	KEGG Orthology (KO)>>>09120 Genetic Information Processing>>>09124 Replication and repair>>>03410 Base excision repair [PATH:ko03410]!!!Enzymes>>>3. Hydrolases>>>3.2  Glycosylases>>>3.2.2  Hydrolysing N-glycosyl compounds>>>3.2.2.23  DNA-formamidopyrimidine glycosylase!!!Enzymes>>>4. Lyases>>>4.2  Carbon-oxygen lyases>>>4.2.99  Other carbon-oxygen lyases>>>4.2.99.18  DNA-(apurinic or apyrimidinic site) lyase!!!DNA repair and recombination proteins>>>Prokaryotic type>>>SSBR (single strand breaks repair)>>>BER (base exicision repair)>>>DNA glycosylases			formamidopyrimidine-DNA glycosylase [EC:3.2.2.23 4.2.99.18]							L	COG0266		CyCOG_60000051	ko00001!!!ko01000!!!ko01000!!!ko03400			K10563					gene
1749.0	c_000000000001	1516720	1518157			Carbohydrate transport and metabolism	Glycogen debranching enzyme (alpha-1,6-glucosidase) (GDB1) (PDB:5D06)		Alkaline and neutral invertase											G	COG3408		CyCOG_60000230									gene
1813.0	c_000000000001	1575058	1576540			Inorganic ion transport and metabolism	Ammonia channel protein AmtB (AmtB) (PDB:1U77)		ammonium transporter	Transporters>>>Other transporters>>>Pores ion channels [TC:1]			ammonium transporter, Amt family							P	COG0004		CyCOG_60000113	ko02000			K03320					gene
1814.0	c_000000000001	1576693	1577440			Carbohydrate transport and metabolism!!!Signal transduction mechanisms	DNA-binding protein, stimulates sugar fermentation (SfsA) (PDB:4DA2)		sugar fermentation stimulation protein A	KEGG Orthology (KO)>>>09190 Not Included in Pathway or Brite>>>09191 Unclassified: metabolism>>>99981 Carbohydrate metabolism			sugar fermentation stimulation protein A							G!!!T	COG1489		CyCOG_60000183	ko00001			K06206					gene
1836.0	c_000000000001	1594502	1595132			Translation, ribosomal structure and biogenesis	tRNA G46 N7-methylase TrmB (TrmB) (PDB:1YZH) (PUBMED:19373903;16600901)	tRNA modification	tRNA (guanine-N7-)-methyltransferase	Enzymes>>>2. Transferases>>>2.1  Transferring one-carbon groups>>>2.1.1  Methyltransferases>>>2.1.1.33  tRNA (guanine46-N7)-methyltransferase!!!Transfer RNA biogenesis>>>Eukaryotic type>>>tRNA modification factors>>>Methyltransferases!!!Transfer RNA biogenesis>>>Prokaryotic type>>>tRNA modification factors>>>Methyltransferases			tRNA (guanine-N7-)-methyltransferase [EC:2.1.1.33]	EPrGT00050000005003						J	COG0220	COG0220	CyCOG_60000314	ko01000!!!ko03016!!!ko03016			K03439	-				gene
1837.0	c_000000000001	1595488	1595881						Protein of unknown function (DUF3177)														CyCOG_60000254									gene
1839.0	c_000000000001	1598987	1599458						hypothetical protein														CyCOG_60001101									gene
1840.0	c_000000000001	1600087	1600870			Lipid transport and metabolism	Fatty acid desaturase (DesA)		beta-carotene hydroxylase	KEGG Orthology (KO)>>>09100 Metabolism>>>09109 Metabolism of terpenoids and polyketides>>>00906 Carotenoid biosynthesis [PATH:ko00906]!!!Enzymes>>>1. Oxidoreductases>>>1.14  Acting on paired donors, with incorporation or reduction of molecular oxygen>>>1.14.13  With NADH or NADPH as one donor, and incorporation of one atom of oxygen into the other donor>>>1.14.13.-			beta-carotene hydroxylase [EC:1.14.13.-]							I	COG3239		CyCOG_60000320	ko00001!!!ko01000			K02294					gene
1852.0	c_000000000001	1610054	1611149		Chorismate_synt	Amino acid transport and metabolism	Chorismate synthase (AroC) (PDB:1Q1L)	Aromatic amino acid biosynthesis	chorismate synthase	KEGG Orthology (KO)>>>09100 Metabolism>>>09105 Amino acid metabolism>>>00400 Phenylalanine, tyrosine and tryptophan biosynthesis [PATH:ko00400]!!!Enzymes>>>4. Lyases>>>4.2  Carbon-oxygen lyases>>>4.2.3  Acting on phosphates>>>4.2.3.5  chorismate synthase	Pathway modules; Amino acid metabolism; Aromatic amino acid metabolism	Shikimate pathway, phosphoenolpyruvate + erythrose-4P => chorismate	chorismate synthase [EC:4.2.3.5]						PF01264.21	E	COG0082	COG0082	CyCOG_60000111	ko00001!!!ko01000	M00022	M00022	K01736					gene
1853.0	c_000000000001	1611261	1612344			Energy production and conversion	Photosystem II reaction center D1, PsbA (PsbA) (PDB:1S5L)	Photosystem II	photosystem II P680 reaction center D1 protein	KEGG Orthology (KO)>>>09100 Metabolism>>>09102 Energy metabolism>>>00195 Photosynthesis [PATH:ko00195]!!!Enzymes>>>1. Oxidoreductases>>>1.10  Acting on diphenols and related substances as donors>>>1.10.3  With oxygen as acceptor>>>1.10.3.9  photosystem II!!!Photosynthesis proteins>>>Photosystem and electron transport system>>>Photosystem II (P680 chlorophyll a) [OT]>>>Main subunits	Pathway modules; Energy metabolism; Photosynthesis!!!Signature modules; Module set; Metabolic capacity	Photosystem II!!!Oxygenic photosynthesis in plants and cyanobacteria	photosystem II P680 reaction center D1 protein [EC:1.10.3.9]							C	COG5716	COG5716	CyCOG_60000032	ko00001!!!ko01000!!!ko00194	M00161!!!M00611	M00161!!!M00611	K02703					gene
1854.0	c_000000000001	1613214	1614297			Energy production and conversion	Photosystem II reaction center D1, PsbA (PsbA) (PDB:1S5L)	Photosystem II	photosystem II P680 reaction center D1 protein	KEGG Orthology (KO)>>>09100 Metabolism>>>09102 Energy metabolism>>>00195 Photosynthesis [PATH:ko00195]!!!Enzymes>>>1. Oxidoreductases>>>1.10  Acting on diphenols and related substances as donors>>>1.10.3  With oxygen as acceptor>>>1.10.3.9  photosystem II!!!Photosynthesis proteins>>>Photosystem and electron transport system>>>Photosystem II (P680 chlorophyll a) [OT]>>>Main subunits	Pathway modules; Energy metabolism; Photosynthesis!!!Signature modules; Module set; Metabolic capacity	Photosystem II!!!Oxygenic photosynthesis in plants and cyanobacteria	photosystem II P680 reaction center D1 protein [EC:1.10.3.9]							C	COG5716	COG5716	CyCOG_60000032	ko00001!!!ko01000!!!ko00194	M00161!!!M00611	M00161!!!M00611	K02703					gene
1872.0	c_000000000001	1633743	1634169			Translation, ribosomal structure and biogenesis	Ribosomal protein L11 (RplK) (PDB:2E34)	Ribosome 50S subunit	LSU ribosomal protein L11P	KEGG Orthology (KO)>>>09120 Genetic Information Processing>>>09122 Translation>>>03010 Ribosome [PATH:ko03010]!!!Ribosome>>>Ribosomal proteins>>>Mitochondria/ Chloroplast>>>Large subunit!!!Ribosome>>>Ribosomal proteins>>>Bacteria>>>Large subunit!!!Ribosome>>>Ribosomal proteins>>>Archaea>>>Large subunit			large subunit ribosomal protein L11							J	COG0080	COG0080	CyCOG_60000417	ko00001!!!ko03011!!!ko03011!!!ko03011			K02867					gene
1873.0	c_000000000001	1634256	1634943	Ribosomal_L1	Ribosomal_L1	Translation, ribosomal structure and biogenesis	Ribosomal protein L1 (RplA) (PDB:3J65)	Ribosome 50S subunit	LSU ribosomal protein L1P	KEGG Orthology (KO)>>>09120 Genetic Information Processing>>>09122 Translation>>>03010 Ribosome [PATH:ko03010]!!!Ribosome>>>Ribosomal proteins>>>Mitochondria/ Chloroplast>>>Large subunit!!!Ribosome>>>Ribosomal proteins>>>Bacteria>>>Large subunit!!!Ribosome>>>Ribosomal proteins>>>Archaea>>>Large subunit			large subunit ribosomal protein L1					PF00687.21	PF00687.21	J	COG0081	COG0081	CyCOG_60000468	ko00001!!!ko03011!!!ko03011!!!ko03011			K02863					gene
1874.0	c_000000000001	1635135	1635663			Translation, ribosomal structure and biogenesis	Ribosomal protein L10 (RplJ) (PDB:5IT8)	Ribosome 50S subunit	LSU ribosomal protein L10P	KEGG Orthology (KO)>>>09120 Genetic Information Processing>>>09122 Translation>>>03010 Ribosome [PATH:ko03010]!!!Ribosome>>>Ribosomal proteins>>>Mitochondria/ Chloroplast>>>Large subunit!!!Ribosome>>>Ribosomal proteins>>>Bacteria>>>Large subunit!!!Ribosome>>>Ribosomal proteins>>>Archaea>>>Large subunit			large subunit ribosomal protein L10							J	COG0244	COG0244	CyCOG_60000567	ko00001!!!ko03011!!!ko03011!!!ko03011			K02864					gene
