motif_ID	motif_ALT_ID	motif_P-value	seq_ID	seq_Score	seq_Class	is_holdout?
1-DGGAGGWDWWHHWNN	STREME-1	6.9e-018	0	15.55	fp	0
1-DGGAGGWDWWHHWNN	STREME-1	6.9e-018	0	14.76	fp	0
1-DGGAGGWDWWHHWNN	STREME-1	6.9e-018	0	14.70	fp	0
1-DGGAGGWDWWHHWNN	STREME-1	6.9e-018	0	14.63	fp	0
1-DGGAGGWDWWHHWNN	STREME-1	6.9e-018	0	14.63	fp	0
1-DGGAGGWDWWHHWNN	STREME-1	6.9e-018	0	14.63	fp	0
1-DGGAGGWDWWHHWNN	STREME-1	6.9e-018	0	14.56	fp	0
1-DGGAGGWDWWHHWNN	STREME-1	6.9e-018	0	14.56	fp	0
1-DGGAGGWDWWHHWNN	STREME-1	6.9e-018	66	14.50	tp	0
1-DGGAGGWDWWHHWNN	STREME-1	6.9e-018	0	14.50	fp	0
1-DGGAGGWDWWHHWNN	STREME-1	6.9e-018	0	14.38	fp	0
1-DGGAGGWDWWHHWNN	STREME-1	6.9e-018	0	14.11	fp	0
1-DGGAGGWDWWHHWNN	STREME-1	6.9e-018	0	14.06	fp	0
1-DGGAGGWDWWHHWNN	STREME-1	6.9e-018	0	14.05	fp	0
1-DGGAGGWDWWHHWNN	STREME-1	6.9e-018	0	13.96	fp	0
1-DGGAGGWDWWHHWNN	STREME-1	6.9e-018	0	13.96	fp	1
1-DGGAGGWDWWHHWNN	STREME-1	6.9e-018	0	13.93	fp	0
1-DGGAGGWDWWHHWNN	STREME-1	6.9e-018	60	13.89	tp	0
1-DGGAGGWDWWHHWNN	STREME-1	6.9e-018	0	13.87	fp	0
1-DGGAGGWDWWHHWNN	STREME-1	6.9e-018	0	13.87	fp	1
1-DGGAGGWDWWHHWNN	STREME-1	6.9e-018	0	13.86	fp	0
1-DGGAGGWDWWHHWNN	STREME-1	6.9e-018	0	13.86	fp	0
1-DGGAGGWDWWHHWNN	STREME-1	6.9e-018	0	13.86	fp	1
1-DGGAGGWDWWHHWNN	STREME-1	6.9e-018	0	13.84	fp	0
1-DGGAGGWDWWHHWNN	STREME-1	6.9e-018	0	13.76	fp	0
1-DGGAGGWDWWHHWNN	STREME-1	6.9e-018	0	13.76	fp	1
1-DGGAGGWDWWHHWNN	STREME-1	6.9e-018	0	13.74	fp	0
1-DGGAGGWDWWHHWNN	STREME-1	6.9e-018	0	13.74	fp	0
1-DGGAGGWDWWHHWNN	STREME-1	6.9e-018	0	13.73	fp	0
1-DGGAGGWDWWHHWNN	STREME-1	6.9e-018	9	13.64	tp	0
1-DGGAGGWDWWHHWNN	STREME-1	6.9e-018	0	13.64	fp	0
1-DGGAGGWDWWHHWNN	STREME-1	6.9e-018	0	13.64	fp	0
1-DGGAGGWDWWHHWNN	STREME-1	6.9e-018	0	13.64	fp	0
1-DGGAGGWDWWHHWNN	STREME-1	6.9e-018	0	13.62	fp	0
1-DGGAGGWDWWHHWNN	STREME-1	6.9e-018	0	13.62	fp	0
1-DGGAGGWDWWHHWNN	STREME-1	6.9e-018	0	13.60	fp	0
1-DGGAGGWDWWHHWNN	STREME-1	6.9e-018	0	13.60	fp	0
1-DGGAGGWDWWHHWNN	STREME-1	6.9e-018	0	13.59	fp	0
1-DGGAGGWDWWHHWNN	STREME-1	6.9e-018	0	13.57	fp	0
1-DGGAGGWDWWHHWNN	STREME-1	6.9e-018	0	13.54	fp	0
1-DGGAGGWDWWHHWNN	STREME-1	6.9e-018	0	13.53	fp	0
1-DGGAGGWDWWHHWNN	STREME-1	6.9e-018	0	13.53	fp	1
1-DGGAGGWDWWHHWNN	STREME-1	6.9e-018	0	13.52	fp	1
1-DGGAGGWDWWHHWNN	STREME-1	6.9e-018	0	13.51	fp	1
1-DGGAGGWDWWHHWNN	STREME-1	6.9e-018	0	13.49	fp	0
1-DGGAGGWDWWHHWNN	STREME-1	6.9e-018	0	13.44	fp	0
1-DGGAGGWDWWHHWNN	STREME-1	6.9e-018	0	13.44	fp	0
1-DGGAGGWDWWHHWNN	STREME-1	6.9e-018	0	13.44	fp	0
1-DGGAGGWDWWHHWNN	STREME-1	6.9e-018	0	13.42	fp	0
1-DGGAGGWDWWHHWNN	STREME-1	6.9e-018	0	13.41	fp	0
1-DGGAGGWDWWHHWNN	STREME-1	6.9e-018	0	13.41	fp	0
1-DGGAGGWDWWHHWNN	STREME-1	6.9e-018	21	13.40	tp	0
1-DGGAGGWDWWHHWNN	STREME-1	6.9e-018	0	13.37	fp	0
1-DGGAGGWDWWHHWNN	STREME-1	6.9e-018	36	13.36	tp	0
1-DGGAGGWDWWHHWNN	STREME-1	6.9e-018	0	13.36	fp	0
1-DGGAGGWDWWHHWNN	STREME-1	6.9e-018	13	13.34	tp	0
1-DGGAGGWDWWHHWNN	STREME-1	6.9e-018	0	13.34	fp	0
1-DGGAGGWDWWHHWNN	STREME-1	6.9e-018	0	13.33	fp	0
1-DGGAGGWDWWHHWNN	STREME-1	6.9e-018	0	13.33	fp	0
1-DGGAGGWDWWHHWNN	STREME-1	6.9e-018	0	13.32	fp	0
1-DGGAGGWDWWHHWNN	STREME-1	6.9e-018	0	13.30	fp	0
1-DGGAGGWDWWHHWNN	STREME-1	6.9e-018	0	13.28	fp	0
1-DGGAGGWDWWHHWNN	STREME-1	6.9e-018	0	13.28	fp	0
1-DGGAGGWDWWHHWNN	STREME-1	6.9e-018	0	13.27	fp	0
1-DGGAGGWDWWHHWNN	STREME-1	6.9e-018	0	13.24	fp	0
1-DGGAGGWDWWHHWNN	STREME-1	6.9e-018	55	13.24	tp	0
1-DGGAGGWDWWHHWNN	STREME-1	6.9e-018	0	13.23	fp	0
1-DGGAGGWDWWHHWNN	STREME-1	6.9e-018	0	13.23	fp	0
1-DGGAGGWDWWHHWNN	STREME-1	6.9e-018	0	13.23	fp	0
1-DGGAGGWDWWHHWNN	STREME-1	6.9e-018	0	13.23	fp	1
1-DGGAGGWDWWHHWNN	STREME-1	6.9e-018	0	13.22	fp	0
1-DGGAGGWDWWHHWNN	STREME-1	6.9e-018	0	13.22	fp	0
1-DGGAGGWDWWHHWNN	STREME-1	6.9e-018	0	13.22	fp	0
1-DGGAGGWDWWHHWNN	STREME-1	6.9e-018	0	13.20	fp	1
1-DGGAGGWDWWHHWNN	STREME-1	6.9e-018	0	13.19	fp	0
1-DGGAGGWDWWHHWNN	STREME-1	6.9e-018	0	13.19	fp	0
1-DGGAGGWDWWHHWNN	STREME-1	6.9e-018	29	13.18	tp	0
1-DGGAGGWDWWHHWNN	STREME-1	6.9e-018	0	13.18	fp	0
1-DGGAGGWDWWHHWNN	STREME-1	6.9e-018	0	13.17	fp	0
1-DGGAGGWDWWHHWNN	STREME-1	6.9e-018	20	13.17	tp	0
1-DGGAGGWDWWHHWNN	STREME-1	6.9e-018	0	13.15	fp	0
1-DGGAGGWDWWHHWNN	STREME-1	6.9e-018	0	13.15	fp	1
1-DGGAGGWDWWHHWNN	STREME-1	6.9e-018	0	13.15	fp	0
1-DGGAGGWDWWHHWNN	STREME-1	6.9e-018	12	13.15	tp	0
1-DGGAGGWDWWHHWNN	STREME-1	6.9e-018	0	13.14	fp	0
1-DGGAGGWDWWHHWNN	STREME-1	6.9e-018	0	13.11	fp	0
1-DGGAGGWDWWHHWNN	STREME-1	6.9e-018	0	13.11	fp	0
1-DGGAGGWDWWHHWNN	STREME-1	6.9e-018	0	13.11	fp	1
1-DGGAGGWDWWHHWNN	STREME-1	6.9e-018	0	13.10	fp	0
1-DGGAGGWDWWHHWNN	STREME-1	6.9e-018	0	13.09	fp	0
1-DGGAGGWDWWHHWNN	STREME-1	6.9e-018	0	13.09	fp	0
1-DGGAGGWDWWHHWNN	STREME-1	6.9e-018	0	13.09	fp	0
1-DGGAGGWDWWHHWNN	STREME-1	6.9e-018	0	13.08	fp	0
1-DGGAGGWDWWHHWNN	STREME-1	6.9e-018	0	13.08	fp	0
1-DGGAGGWDWWHHWNN	STREME-1	6.9e-018	0	13.08	fp	0
1-DGGAGGWDWWHHWNN	STREME-1	6.9e-018	0	13.08	fp	0
1-DGGAGGWDWWHHWNN	STREME-1	6.9e-018	0	13.07	fp	0
1-DGGAGGWDWWHHWNN	STREME-1	6.9e-018	0	13.05	fp	0
1-DGGAGGWDWWHHWNN	STREME-1	6.9e-018	63	13.04	tp	1
1-DGGAGGWDWWHHWNN	STREME-1	6.9e-018	0	13.02	fp	0
1-DGGAGGWDWWHHWNN	STREME-1	6.9e-018	11	13.02	tp	0
1-DGGAGGWDWWHHWNN	STREME-1	6.9e-018	0	13.02	fp	0
1-DGGAGGWDWWHHWNN	STREME-1	6.9e-018	0	13.02	fp	0
1-DGGAGGWDWWHHWNN	STREME-1	6.9e-018	0	13.02	fp	0
1-DGGAGGWDWWHHWNN	STREME-1	6.9e-018	38	13.02	tp	0
1-DGGAGGWDWWHHWNN	STREME-1	6.9e-018	0	13.02	fp	0
1-DGGAGGWDWWHHWNN	STREME-1	6.9e-018	0	13.02	fp	0
1-DGGAGGWDWWHHWNN	STREME-1	6.9e-018	0	13.02	fp	0
1-DGGAGGWDWWHHWNN	STREME-1	6.9e-018	0	13.02	fp	0
1-DGGAGGWDWWHHWNN	STREME-1	6.9e-018	16	12.99	tp	0
1-DGGAGGWDWWHHWNN	STREME-1	6.9e-018	0	12.99	fp	0
1-DGGAGGWDWWHHWNN	STREME-1	6.9e-018	0	12.98	fp	0
1-DGGAGGWDWWHHWNN	STREME-1	6.9e-018	61	12.96	tp	0
1-DGGAGGWDWWHHWNN	STREME-1	6.9e-018	0	12.96	fp	0
1-DGGAGGWDWWHHWNN	STREME-1	6.9e-018	0	12.96	fp	0
1-DGGAGGWDWWHHWNN	STREME-1	6.9e-018	0	12.95	fp	0
1-DGGAGGWDWWHHWNN	STREME-1	6.9e-018	0	12.95	fp	0
1-DGGAGGWDWWHHWNN	STREME-1	6.9e-018	0	12.92	fp	0
1-DGGAGGWDWWHHWNN	STREME-1	6.9e-018	0	12.91	fp	0
1-DGGAGGWDWWHHWNN	STREME-1	6.9e-018	0	12.91	fp	0
1-DGGAGGWDWWHHWNN	STREME-1	6.9e-018	0	12.91	fp	0
1-DGGAGGWDWWHHWNN	STREME-1	6.9e-018	0	12.91	fp	0
1-DGGAGGWDWWHHWNN	STREME-1	6.9e-018	0	12.91	fp	1
1-DGGAGGWDWWHHWNN	STREME-1	6.9e-018	0	12.91	fp	0
1-DGGAGGWDWWHHWNN	STREME-1	6.9e-018	0	12.91	fp	0
1-DGGAGGWDWWHHWNN	STREME-1	6.9e-018	0	12.90	fp	0
1-DGGAGGWDWWHHWNN	STREME-1	6.9e-018	0	12.89	fp	0
1-DGGAGGWDWWHHWNN	STREME-1	6.9e-018	0	12.87	fp	0
1-DGGAGGWDWWHHWNN	STREME-1	6.9e-018	0	12.87	fp	0
1-DGGAGGWDWWHHWNN	STREME-1	6.9e-018	19	12.86	tp	0
1-DGGAGGWDWWHHWNN	STREME-1	6.9e-018	0	12.86	fp	1
1-DGGAGGWDWWHHWNN	STREME-1	6.9e-018	0	12.85	fp	0
1-DGGAGGWDWWHHWNN	STREME-1	6.9e-018	0	12.84	fp	0
1-DGGAGGWDWWHHWNN	STREME-1	6.9e-018	0	12.84	fp	0
1-DGGAGGWDWWHHWNN	STREME-1	6.9e-018	0	12.84	fp	0
1-DGGAGGWDWWHHWNN	STREME-1	6.9e-018	0	12.84	fp	0
1-DGGAGGWDWWHHWNN	STREME-1	6.9e-018	0	12.84	fp	0
1-DGGAGGWDWWHHWNN	STREME-1	6.9e-018	2	12.83	tp	1
1-DGGAGGWDWWHHWNN	STREME-1	6.9e-018	0	12.83	fp	0
1-DGGAGGWDWWHHWNN	STREME-1	6.9e-018	91	12.82	tp	0
1-DGGAGGWDWWHHWNN	STREME-1	6.9e-018	50	12.81	tp	0
1-DGGAGGWDWWHHWNN	STREME-1	6.9e-018	0	12.81	fp	1
1-DGGAGGWDWWHHWNN	STREME-1	6.9e-018	0	12.81	fp	0
1-DGGAGGWDWWHHWNN	STREME-1	6.9e-018	0	12.80	fp	0
1-DGGAGGWDWWHHWNN	STREME-1	6.9e-018	0	12.79	fp	0
1-DGGAGGWDWWHHWNN	STREME-1	6.9e-018	0	12.78	fp	0
1-DGGAGGWDWWHHWNN	STREME-1	6.9e-018	52	12.78	tp	0
1-DGGAGGWDWWHHWNN	STREME-1	6.9e-018	0	12.78	fp	0
1-DGGAGGWDWWHHWNN	STREME-1	6.9e-018	0	12.77	fp	0
1-DGGAGGWDWWHHWNN	STREME-1	6.9e-018	0	12.76	fp	0
1-DGGAGGWDWWHHWNN	STREME-1	6.9e-018	0	12.75	fp	0
1-DGGAGGWDWWHHWNN	STREME-1	6.9e-018	0	12.71	fp	0
1-DGGAGGWDWWHHWNN	STREME-1	6.9e-018	0	12.71	fp	0
1-DGGAGGWDWWHHWNN	STREME-1	6.9e-018	0	12.71	fp	0
1-DGGAGGWDWWHHWNN	STREME-1	6.9e-018	0	12.71	fp	0
1-DGGAGGWDWWHHWNN	STREME-1	6.9e-018	83	12.70	tp	0
1-DGGAGGWDWWHHWNN	STREME-1	6.9e-018	0	12.70	fp	0
1-DGGAGGWDWWHHWNN	STREME-1	6.9e-018	0	12.70	fp	0
1-DGGAGGWDWWHHWNN	STREME-1	6.9e-018	0	12.70	fp	1
1-DGGAGGWDWWHHWNN	STREME-1	6.9e-018	0	12.69	fp	0
1-DGGAGGWDWWHHWNN	STREME-1	6.9e-018	0	12.69	fp	0
1-DGGAGGWDWWHHWNN	STREME-1	6.9e-018	0	12.69	fp	0
1-DGGAGGWDWWHHWNN	STREME-1	6.9e-018	74	12.69	tp	0
1-DGGAGGWDWWHHWNN	STREME-1	6.9e-018	0	12.69	fp	0
1-DGGAGGWDWWHHWNN	STREME-1	6.9e-018	0	12.69	fp	0
1-DGGAGGWDWWHHWNN	STREME-1	6.9e-018	0	12.68	fp	0
1-DGGAGGWDWWHHWNN	STREME-1	6.9e-018	0	12.68	fp	0
1-DGGAGGWDWWHHWNN	STREME-1	6.9e-018	64	12.68	tp	0
1-DGGAGGWDWWHHWNN	STREME-1	6.9e-018	0	12.68	fp	0
1-DGGAGGWDWWHHWNN	STREME-1	6.9e-018	0	12.68	fp	0
1-DGGAGGWDWWHHWNN	STREME-1	6.9e-018	0	12.67	fp	0
1-DGGAGGWDWWHHWNN	STREME-1	6.9e-018	0	12.67	fp	1
1-DGGAGGWDWWHHWNN	STREME-1	6.9e-018	0	12.67	fp	0
1-DGGAGGWDWWHHWNN	STREME-1	6.9e-018	0	12.67	fp	0
1-DGGAGGWDWWHHWNN	STREME-1	6.9e-018	0	12.64	fp	0
1-DGGAGGWDWWHHWNN	STREME-1	6.9e-018	0	12.63	fp	0
1-DGGAGGWDWWHHWNN	STREME-1	6.9e-018	0	12.63	fp	0
1-DGGAGGWDWWHHWNN	STREME-1	6.9e-018	0	12.63	fp	0
1-DGGAGGWDWWHHWNN	STREME-1	6.9e-018	0	12.63	fp	0
1-DGGAGGWDWWHHWNN	STREME-1	6.9e-018	0	12.63	fp	0
1-DGGAGGWDWWHHWNN	STREME-1	6.9e-018	0	12.63	fp	0
1-DGGAGGWDWWHHWNN	STREME-1	6.9e-018	0	12.62	fp	0
1-DGGAGGWDWWHHWNN	STREME-1	6.9e-018	0	12.62	fp	0
1-DGGAGGWDWWHHWNN	STREME-1	6.9e-018	0	12.60	fp	0
1-DGGAGGWDWWHHWNN	STREME-1	6.9e-018	0	12.59	fp	0
1-DGGAGGWDWWHHWNN	STREME-1	6.9e-018	0	12.56	fp	0
1-DGGAGGWDWWHHWNN	STREME-1	6.9e-018	0	12.56	fp	0
1-DGGAGGWDWWHHWNN	STREME-1	6.9e-018	0	12.54	fp	0
1-DGGAGGWDWWHHWNN	STREME-1	6.9e-018	0	12.54	fp	0
1-DGGAGGWDWWHHWNN	STREME-1	6.9e-018	0	12.53	fp	0
1-DGGAGGWDWWHHWNN	STREME-1	6.9e-018	81	12.53	tp	0
1-DGGAGGWDWWHHWNN	STREME-1	6.9e-018	0	12.52	fp	0
1-DGGAGGWDWWHHWNN	STREME-1	6.9e-018	0	12.52	fp	1
1-DGGAGGWDWWHHWNN	STREME-1	6.9e-018	0	12.52	fp	0
1-DGGAGGWDWWHHWNN	STREME-1	6.9e-018	0	12.51	fp	1
1-DGGAGGWDWWHHWNN	STREME-1	6.9e-018	0	12.51	fp	0
1-DGGAGGWDWWHHWNN	STREME-1	6.9e-018	0	12.49	fp	0
1-DGGAGGWDWWHHWNN	STREME-1	6.9e-018	0	12.49	fp	0
1-DGGAGGWDWWHHWNN	STREME-1	6.9e-018	0	12.47	fp	0
1-DGGAGGWDWWHHWNN	STREME-1	6.9e-018	0	12.46	fp	0
1-DGGAGGWDWWHHWNN	STREME-1	6.9e-018	0	12.45	fp	0
1-DGGAGGWDWWHHWNN	STREME-1	6.9e-018	0	12.44	fp	0
1-DGGAGGWDWWHHWNN	STREME-1	6.9e-018	0	12.44	fp	0
1-DGGAGGWDWWHHWNN	STREME-1	6.9e-018	0	12.44	fp	0
1-DGGAGGWDWWHHWNN	STREME-1	6.9e-018	0	12.44	fp	0
1-DGGAGGWDWWHHWNN	STREME-1	6.9e-018	0	12.44	fp	0
1-DGGAGGWDWWHHWNN	STREME-1	6.9e-018	0	12.44	fp	0
1-DGGAGGWDWWHHWNN	STREME-1	6.9e-018	0	12.44	fp	0
1-DGGAGGWDWWHHWNN	STREME-1	6.9e-018	0	12.43	fp	0
1-DGGAGGWDWWHHWNN	STREME-1	6.9e-018	0	12.43	fp	0
1-DGGAGGWDWWHHWNN	STREME-1	6.9e-018	0	12.43	fp	0
1-DGGAGGWDWWHHWNN	STREME-1	6.9e-018	0	12.42	fp	0
1-DGGAGGWDWWHHWNN	STREME-1	6.9e-018	0	12.42	fp	0
1-DGGAGGWDWWHHWNN	STREME-1	6.9e-018	0	12.41	fp	0
1-DGGAGGWDWWHHWNN	STREME-1	6.9e-018	0	12.40	fp	0
1-DGGAGGWDWWHHWNN	STREME-1	6.9e-018	0	12.40	fp	0
1-DGGAGGWDWWHHWNN	STREME-1	6.9e-018	0	12.40	fp	0
1-DGGAGGWDWWHHWNN	STREME-1	6.9e-018	0	12.40	fp	0
1-DGGAGGWDWWHHWNN	STREME-1	6.9e-018	0	12.39	fp	0
1-DGGAGGWDWWHHWNN	STREME-1	6.9e-018	44	12.39	tp	0
1-DGGAGGWDWWHHWNN	STREME-1	6.9e-018	0	12.38	fp	0
1-DGGAGGWDWWHHWNN	STREME-1	6.9e-018	0	12.37	fp	0
1-DGGAGGWDWWHHWNN	STREME-1	6.9e-018	0	12.36	fp	0
1-DGGAGGWDWWHHWNN	STREME-1	6.9e-018	0	12.36	fp	0
1-DGGAGGWDWWHHWNN	STREME-1	6.9e-018	78	12.36	tp	0
1-DGGAGGWDWWHHWNN	STREME-1	6.9e-018	79	12.36	tp	0
1-DGGAGGWDWWHHWNN	STREME-1	6.9e-018	0	12.36	fp	0
1-DGGAGGWDWWHHWNN	STREME-1	6.9e-018	84	12.35	tp	1
1-DGGAGGWDWWHHWNN	STREME-1	6.9e-018	0	12.35	fp	0
1-DGGAGGWDWWHHWNN	STREME-1	6.9e-018	0	12.35	fp	0
1-DGGAGGWDWWHHWNN	STREME-1	6.9e-018	0	12.35	fp	0
1-DGGAGGWDWWHHWNN	STREME-1	6.9e-018	0	12.35	fp	0
1-DGGAGGWDWWHHWNN	STREME-1	6.9e-018	70	12.34	tp	0
1-DGGAGGWDWWHHWNN	STREME-1	6.9e-018	0	12.34	fp	0
1-DGGAGGWDWWHHWNN	STREME-1	6.9e-018	0	12.34	fp	0
1-DGGAGGWDWWHHWNN	STREME-1	6.9e-018	0	12.33	fp	0
1-DGGAGGWDWWHHWNN	STREME-1	6.9e-018	3	12.33	tp	0
1-DGGAGGWDWWHHWNN	STREME-1	6.9e-018	67	12.33	tp	0
1-DGGAGGWDWWHHWNN	STREME-1	6.9e-018	0	12.32	fp	0
1-DGGAGGWDWWHHWNN	STREME-1	6.9e-018	0	12.32	fp	0
1-DGGAGGWDWWHHWNN	STREME-1	6.9e-018	0	12.32	fp	0
1-DGGAGGWDWWHHWNN	STREME-1	6.9e-018	0	12.32	fp	0
1-DGGAGGWDWWHHWNN	STREME-1	6.9e-018	76	12.32	tp	0
1-DGGAGGWDWWHHWNN	STREME-1	6.9e-018	0	12.32	fp	0
1-DGGAGGWDWWHHWNN	STREME-1	6.9e-018	0	12.32	fp	0
1-DGGAGGWDWWHHWNN	STREME-1	6.9e-018	0	12.31	fp	0
1-DGGAGGWDWWHHWNN	STREME-1	6.9e-018	0	12.31	fp	0
1-DGGAGGWDWWHHWNN	STREME-1	6.9e-018	0	12.31	fp	0
1-DGGAGGWDWWHHWNN	STREME-1	6.9e-018	37	12.30	tp	0
1-DGGAGGWDWWHHWNN	STREME-1	6.9e-018	0	12.30	fp	0
1-DGGAGGWDWWHHWNN	STREME-1	6.9e-018	0	12.30	fp	1
1-DGGAGGWDWWHHWNN	STREME-1	6.9e-018	0	12.30	fp	0
1-DGGAGGWDWWHHWNN	STREME-1	6.9e-018	0	12.30	fp	0
1-DGGAGGWDWWHHWNN	STREME-1	6.9e-018	0	12.29	fp	1
1-DGGAGGWDWWHHWNN	STREME-1	6.9e-018	24	12.29	tp	0
1-DGGAGGWDWWHHWNN	STREME-1	6.9e-018	0	12.29	fp	0
1-DGGAGGWDWWHHWNN	STREME-1	6.9e-018	0	12.28	fp	0
1-DGGAGGWDWWHHWNN	STREME-1	6.9e-018	0	12.28	fp	0
1-DGGAGGWDWWHHWNN	STREME-1	6.9e-018	0	12.28	fp	0
1-DGGAGGWDWWHHWNN	STREME-1	6.9e-018	59	12.27	tp	0
1-DGGAGGWDWWHHWNN	STREME-1	6.9e-018	0	12.27	fp	0
1-DGGAGGWDWWHHWNN	STREME-1	6.9e-018	56	12.27	tp	0
1-DGGAGGWDWWHHWNN	STREME-1	6.9e-018	0	12.25	fp	0
1-DGGAGGWDWWHHWNN	STREME-1	6.9e-018	0	12.25	fp	1
1-DGGAGGWDWWHHWNN	STREME-1	6.9e-018	0	12.25	fp	0
1-DGGAGGWDWWHHWNN	STREME-1	6.9e-018	0	12.25	fp	0
1-DGGAGGWDWWHHWNN	STREME-1	6.9e-018	0	12.24	fp	0
1-DGGAGGWDWWHHWNN	STREME-1	6.9e-018	0	12.23	fp	0
1-DGGAGGWDWWHHWNN	STREME-1	6.9e-018	0	12.23	fp	0
1-DGGAGGWDWWHHWNN	STREME-1	6.9e-018	0	12.22	fp	0
1-DGGAGGWDWWHHWNN	STREME-1	6.9e-018	0	12.22	fp	0
1-DGGAGGWDWWHHWNN	STREME-1	6.9e-018	0	12.21	fp	0
1-DGGAGGWDWWHHWNN	STREME-1	6.9e-018	0	12.21	fp	0
1-DGGAGGWDWWHHWNN	STREME-1	6.9e-018	0	12.21	fp	1
1-DGGAGGWDWWHHWNN	STREME-1	6.9e-018	0	12.20	fp	0
1-DGGAGGWDWWHHWNN	STREME-1	6.9e-018	0	12.20	fp	0
1-DGGAGGWDWWHHWNN	STREME-1	6.9e-018	0	12.19	fp	0
1-DGGAGGWDWWHHWNN	STREME-1	6.9e-018	0	12.19	fp	1
1-DGGAGGWDWWHHWNN	STREME-1	6.9e-018	0	12.18	fp	0
1-DGGAGGWDWWHHWNN	STREME-1	6.9e-018	0	12.18	fp	0
1-DGGAGGWDWWHHWNN	STREME-1	6.9e-018	0	12.18	fp	1
1-DGGAGGWDWWHHWNN	STREME-1	6.9e-018	0	12.18	fp	0
1-DGGAGGWDWWHHWNN	STREME-1	6.9e-018	0	12.17	fp	0
1-DGGAGGWDWWHHWNN	STREME-1	6.9e-018	0	12.17	fp	0
1-DGGAGGWDWWHHWNN	STREME-1	6.9e-018	0	12.16	fp	0
1-DGGAGGWDWWHHWNN	STREME-1	6.9e-018	51	12.16	tp	0
1-DGGAGGWDWWHHWNN	STREME-1	6.9e-018	88	12.16	tp	0
1-DGGAGGWDWWHHWNN	STREME-1	6.9e-018	0	12.14	fp	0
1-DGGAGGWDWWHHWNN	STREME-1	6.9e-018	0	12.14	fp	0
1-DGGAGGWDWWHHWNN	STREME-1	6.9e-018	0	12.14	fp	0
1-DGGAGGWDWWHHWNN	STREME-1	6.9e-018	0	12.14	fp	0
1-DGGAGGWDWWHHWNN	STREME-1	6.9e-018	0	12.13	fp	0
1-DGGAGGWDWWHHWNN	STREME-1	6.9e-018	0	12.13	fp	0
1-DGGAGGWDWWHHWNN	STREME-1	6.9e-018	0	12.13	fp	0
1-DGGAGGWDWWHHWNN	STREME-1	6.9e-018	0	12.13	fp	1
1-DGGAGGWDWWHHWNN	STREME-1	6.9e-018	0	12.12	fp	1
1-DGGAGGWDWWHHWNN	STREME-1	6.9e-018	0	12.12	fp	0
1-DGGAGGWDWWHHWNN	STREME-1	6.9e-018	0	12.11	fp	0
1-DGGAGGWDWWHHWNN	STREME-1	6.9e-018	0	12.10	fp	0
1-DGGAGGWDWWHHWNN	STREME-1	6.9e-018	0	12.10	fp	0
1-DGGAGGWDWWHHWNN	STREME-1	6.9e-018	0	12.10	fp	0
1-DGGAGGWDWWHHWNN	STREME-1	6.9e-018	0	12.10	fp	0
1-DGGAGGWDWWHHWNN	STREME-1	6.9e-018	0	12.10	fp	0
1-DGGAGGWDWWHHWNN	STREME-1	6.9e-018	0	12.10	fp	0
1-DGGAGGWDWWHHWNN	STREME-1	6.9e-018	0	12.10	fp	0
1-DGGAGGWDWWHHWNN	STREME-1	6.9e-018	14	12.08	tp	1
1-DGGAGGWDWWHHWNN	STREME-1	6.9e-018	0	12.08	fp	1
1-DGGAGGWDWWHHWNN	STREME-1	6.9e-018	0	12.08	fp	0
1-DGGAGGWDWWHHWNN	STREME-1	6.9e-018	40	12.07	tp	0
1-DGGAGGWDWWHHWNN	STREME-1	6.9e-018	0	12.07	fp	0
1-DGGAGGWDWWHHWNN	STREME-1	6.9e-018	0	12.07	fp	0
1-DGGAGGWDWWHHWNN	STREME-1	6.9e-018	0	12.07	fp	1
1-DGGAGGWDWWHHWNN	STREME-1	6.9e-018	0	12.07	fp	0
1-DGGAGGWDWWHHWNN	STREME-1	6.9e-018	0	12.07	fp	0
1-DGGAGGWDWWHHWNN	STREME-1	6.9e-018	0	12.07	fp	0
1-DGGAGGWDWWHHWNN	STREME-1	6.9e-018	0	12.06	fp	0
1-DGGAGGWDWWHHWNN	STREME-1	6.9e-018	0	12.05	fp	0
1-DGGAGGWDWWHHWNN	STREME-1	6.9e-018	0	12.04	fp	0
1-DGGAGGWDWWHHWNN	STREME-1	6.9e-018	0	12.04	fp	0
1-DGGAGGWDWWHHWNN	STREME-1	6.9e-018	0	12.04	fp	0
1-DGGAGGWDWWHHWNN	STREME-1	6.9e-018	1	12.04	tp	0
1-DGGAGGWDWWHHWNN	STREME-1	6.9e-018	0	12.04	fp	0
1-DGGAGGWDWWHHWNN	STREME-1	6.9e-018	0	12.02	fp	0
1-DGGAGGWDWWHHWNN	STREME-1	6.9e-018	0	12.02	fp	0
1-DGGAGGWDWWHHWNN	STREME-1	6.9e-018	0	12.02	fp	0
1-DGGAGGWDWWHHWNN	STREME-1	6.9e-018	0	12.02	fp	0
1-DGGAGGWDWWHHWNN	STREME-1	6.9e-018	0	12.02	fp	0
1-DGGAGGWDWWHHWNN	STREME-1	6.9e-018	0	12.02	fp	1
1-DGGAGGWDWWHHWNN	STREME-1	6.9e-018	0	12.02	fp	1
1-DGGAGGWDWWHHWNN	STREME-1	6.9e-018	0	12.02	fp	0
1-DGGAGGWDWWHHWNN	STREME-1	6.9e-018	0	12.02	fp	0
1-DGGAGGWDWWHHWNN	STREME-1	6.9e-018	0	12.02	fp	1
1-DGGAGGWDWWHHWNN	STREME-1	6.9e-018	0	12.01	fp	0
1-DGGAGGWDWWHHWNN	STREME-1	6.9e-018	8	12.01	tp	0
1-DGGAGGWDWWHHWNN	STREME-1	6.9e-018	0	12.01	fp	0
1-DGGAGGWDWWHHWNN	STREME-1	6.9e-018	0	12.00	fp	0
1-DGGAGGWDWWHHWNN	STREME-1	6.9e-018	0	12.00	fp	1
1-DGGAGGWDWWHHWNN	STREME-1	6.9e-018	17	12.00	tp	0
1-DGGAGGWDWWHHWNN	STREME-1	6.9e-018	0	12.00	fp	0
1-DGGAGGWDWWHHWNN	STREME-1	6.9e-018	0	12.00	fp	0
1-DGGAGGWDWWHHWNN	STREME-1	6.9e-018	0	12.00	fp	0
1-DGGAGGWDWWHHWNN	STREME-1	6.9e-018	0	12.00	fp	0
1-DGGAGGWDWWHHWNN	STREME-1	6.9e-018	0	11.99	fp	0
1-DGGAGGWDWWHHWNN	STREME-1	6.9e-018	0	11.98	fp	0
1-DGGAGGWDWWHHWNN	STREME-1	6.9e-018	0	11.98	fp	0
1-DGGAGGWDWWHHWNN	STREME-1	6.9e-018	0	11.98	fp	0
1-DGGAGGWDWWHHWNN	STREME-1	6.9e-018	0	11.97	fp	0
1-DGGAGGWDWWHHWNN	STREME-1	6.9e-018	0	11.96	fp	0
1-DGGAGGWDWWHHWNN	STREME-1	6.9e-018	0	11.95	fp	0
1-DGGAGGWDWWHHWNN	STREME-1	6.9e-018	0	11.95	fp	0
1-DGGAGGWDWWHHWNN	STREME-1	6.9e-018	0	11.95	fp	1
1-DGGAGGWDWWHHWNN	STREME-1	6.9e-018	0	11.95	fp	0
1-DGGAGGWDWWHHWNN	STREME-1	6.9e-018	0	11.95	fp	0
1-DGGAGGWDWWHHWNN	STREME-1	6.9e-018	0	11.95	fp	0
1-DGGAGGWDWWHHWNN	STREME-1	6.9e-018	0	11.95	fp	0
1-DGGAGGWDWWHHWNN	STREME-1	6.9e-018	0	11.94	fp	0
1-DGGAGGWDWWHHWNN	STREME-1	6.9e-018	0	11.93	fp	0
1-DGGAGGWDWWHHWNN	STREME-1	6.9e-018	86	11.92	tp	0
1-DGGAGGWDWWHHWNN	STREME-1	6.9e-018	0	11.92	fp	0
1-DGGAGGWDWWHHWNN	STREME-1	6.9e-018	0	11.92	fp	0
1-DGGAGGWDWWHHWNN	STREME-1	6.9e-018	0	11.91	fp	0
1-DGGAGGWDWWHHWNN	STREME-1	6.9e-018	0	11.91	fp	0
1-DGGAGGWDWWHHWNN	STREME-1	6.9e-018	53	11.90	tp	0
1-DGGAGGWDWWHHWNN	STREME-1	6.9e-018	0	11.90	fp	0
1-DGGAGGWDWWHHWNN	STREME-1	6.9e-018	0	11.90	fp	0
1-DGGAGGWDWWHHWNN	STREME-1	6.9e-018	0	11.89	fp	0
1-DGGAGGWDWWHHWNN	STREME-1	6.9e-018	68	11.89	tp	1
1-DGGAGGWDWWHHWNN	STREME-1	6.9e-018	0	11.89	fp	0
1-DGGAGGWDWWHHWNN	STREME-1	6.9e-018	0	11.88	fp	0
1-DGGAGGWDWWHHWNN	STREME-1	6.9e-018	0	11.88	fp	0
1-DGGAGGWDWWHHWNN	STREME-1	6.9e-018	0	11.87	fp	0
1-DGGAGGWDWWHHWNN	STREME-1	6.9e-018	80	11.85	tp	0
1-DGGAGGWDWWHHWNN	STREME-1	6.9e-018	0	11.85	fp	0
1-DGGAGGWDWWHHWNN	STREME-1	6.9e-018	0	11.84	fp	0
1-DGGAGGWDWWHHWNN	STREME-1	6.9e-018	0	11.84	fp	0
1-DGGAGGWDWWHHWNN	STREME-1	6.9e-018	0	11.84	fp	0
1-DGGAGGWDWWHHWNN	STREME-1	6.9e-018	0	11.84	fp	0
1-DGGAGGWDWWHHWNN	STREME-1	6.9e-018	0	11.84	fp	0
1-DGGAGGWDWWHHWNN	STREME-1	6.9e-018	0	11.84	fp	1
1-DGGAGGWDWWHHWNN	STREME-1	6.9e-018	0	11.84	fp	0
1-DGGAGGWDWWHHWNN	STREME-1	6.9e-018	0	11.84	fp	0
1-DGGAGGWDWWHHWNN	STREME-1	6.9e-018	0	11.83	fp	0
1-DGGAGGWDWWHHWNN	STREME-1	6.9e-018	0	11.82	fp	0
1-DGGAGGWDWWHHWNN	STREME-1	6.9e-018	0	11.82	fp	0
1-DGGAGGWDWWHHWNN	STREME-1	6.9e-018	0	11.82	fp	0
1-DGGAGGWDWWHHWNN	STREME-1	6.9e-018	0	11.81	fp	0
1-DGGAGGWDWWHHWNN	STREME-1	6.9e-018	0	11.81	fp	0
1-DGGAGGWDWWHHWNN	STREME-1	6.9e-018	0	11.81	fp	0
1-DGGAGGWDWWHHWNN	STREME-1	6.9e-018	0	11.80	fp	0
1-DGGAGGWDWWHHWNN	STREME-1	6.9e-018	0	11.80	fp	0
1-DGGAGGWDWWHHWNN	STREME-1	6.9e-018	58	11.80	tp	0
1-DGGAGGWDWWHHWNN	STREME-1	6.9e-018	0	11.80	fp	0
1-DGGAGGWDWWHHWNN	STREME-1	6.9e-018	0	11.79	fp	0
1-DGGAGGWDWWHHWNN	STREME-1	6.9e-018	0	11.79	fp	0
1-DGGAGGWDWWHHWNN	STREME-1	6.9e-018	0	11.79	fp	0
1-DGGAGGWDWWHHWNN	STREME-1	6.9e-018	0	11.79	fp	0
1-DGGAGGWDWWHHWNN	STREME-1	6.9e-018	0	11.78	fp	0
1-DGGAGGWDWWHHWNN	STREME-1	6.9e-018	0	11.78	fp	0
1-DGGAGGWDWWHHWNN	STREME-1	6.9e-018	0	11.78	fp	0
1-DGGAGGWDWWHHWNN	STREME-1	6.9e-018	0	11.78	fp	0
1-DGGAGGWDWWHHWNN	STREME-1	6.9e-018	0	11.78	fp	0
1-DGGAGGWDWWHHWNN	STREME-1	6.9e-018	0	11.78	fp	0
1-DGGAGGWDWWHHWNN	STREME-1	6.9e-018	0	11.78	fp	0
1-DGGAGGWDWWHHWNN	STREME-1	6.9e-018	0	11.77	fp	0
1-DGGAGGWDWWHHWNN	STREME-1	6.9e-018	0	11.77	fp	0
1-DGGAGGWDWWHHWNN	STREME-1	6.9e-018	0	11.76	fp	0
1-DGGAGGWDWWHHWNN	STREME-1	6.9e-018	72	11.76	tp	0
1-DGGAGGWDWWHHWNN	STREME-1	6.9e-018	0	11.76	fp	0
1-DGGAGGWDWWHHWNN	STREME-1	6.9e-018	0	11.76	fp	0
1-DGGAGGWDWWHHWNN	STREME-1	6.9e-018	0	11.75	fp	0
1-DGGAGGWDWWHHWNN	STREME-1	6.9e-018	0	11.75	fp	0
1-DGGAGGWDWWHHWNN	STREME-1	6.9e-018	0	11.75	fp	0
1-DGGAGGWDWWHHWNN	STREME-1	6.9e-018	0	11.75	fp	1
1-DGGAGGWDWWHHWNN	STREME-1	6.9e-018	57	11.74	tp	0
1-DGGAGGWDWWHHWNN	STREME-1	6.9e-018	0	11.73	fp	0
1-DGGAGGWDWWHHWNN	STREME-1	6.9e-018	0	11.73	fp	0
1-DGGAGGWDWWHHWNN	STREME-1	6.9e-018	0	11.73	fp	0
1-DGGAGGWDWWHHWNN	STREME-1	6.9e-018	0	11.73	fp	0
1-DGGAGGWDWWHHWNN	STREME-1	6.9e-018	0	11.73	fp	0
1-DGGAGGWDWWHHWNN	STREME-1	6.9e-018	69	11.73	tp	0
1-DGGAGGWDWWHHWNN	STREME-1	6.9e-018	0	11.73	fp	0
1-DGGAGGWDWWHHWNN	STREME-1	6.9e-018	0	11.73	fp	0
1-DGGAGGWDWWHHWNN	STREME-1	6.9e-018	0	11.73	fp	1
1-DGGAGGWDWWHHWNN	STREME-1	6.9e-018	0	11.72	fp	0
1-DGGAGGWDWWHHWNN	STREME-1	6.9e-018	0	11.72	fp	0
1-DGGAGGWDWWHHWNN	STREME-1	6.9e-018	0	11.71	fp	0
1-DGGAGGWDWWHHWNN	STREME-1	6.9e-018	0	11.71	fp	0
1-DGGAGGWDWWHHWNN	STREME-1	6.9e-018	0	11.71	fp	1
1-DGGAGGWDWWHHWNN	STREME-1	6.9e-018	0	11.70	fp	1
1-DGGAGGWDWWHHWNN	STREME-1	6.9e-018	73	11.70	tp	0
1-DGGAGGWDWWHHWNN	STREME-1	6.9e-018	87	11.69	tp	0
1-DGGAGGWDWWHHWNN	STREME-1	6.9e-018	0	11.69	fp	0
1-DGGAGGWDWWHHWNN	STREME-1	6.9e-018	0	11.68	fp	0
1-DGGAGGWDWWHHWNN	STREME-1	6.9e-018	0	11.68	fp	0
1-DGGAGGWDWWHHWNN	STREME-1	6.9e-018	0	11.68	fp	0
1-DGGAGGWDWWHHWNN	STREME-1	6.9e-018	0	11.68	fp	0
1-DGGAGGWDWWHHWNN	STREME-1	6.9e-018	0	11.68	fp	0
1-DGGAGGWDWWHHWNN	STREME-1	6.9e-018	0	11.67	fp	0
1-DGGAGGWDWWHHWNN	STREME-1	6.9e-018	0	11.66	fp	0
1-DGGAGGWDWWHHWNN	STREME-1	6.9e-018	48	11.66	tp	0
1-DGGAGGWDWWHHWNN	STREME-1	6.9e-018	0	11.66	fp	0
1-DGGAGGWDWWHHWNN	STREME-1	6.9e-018	0	11.66	fp	0
1-DGGAGGWDWWHHWNN	STREME-1	6.9e-018	0	11.65	fp	0
1-DGGAGGWDWWHHWNN	STREME-1	6.9e-018	0	11.65	fp	0
1-DGGAGGWDWWHHWNN	STREME-1	6.9e-018	0	11.64	fp	0
1-DGGAGGWDWWHHWNN	STREME-1	6.9e-018	0	11.64	fp	0
1-DGGAGGWDWWHHWNN	STREME-1	6.9e-018	0	11.64	fp	1
1-DGGAGGWDWWHHWNN	STREME-1	6.9e-018	0	11.63	fp	0
1-DGGAGGWDWWHHWNN	STREME-1	6.9e-018	0	11.63	fp	0
1-DGGAGGWDWWHHWNN	STREME-1	6.9e-018	0	11.63	fp	0
1-DGGAGGWDWWHHWNN	STREME-1	6.9e-018	0	11.63	fp	0
1-DGGAGGWDWWHHWNN	STREME-1	6.9e-018	0	11.62	fp	0
1-DGGAGGWDWWHHWNN	STREME-1	6.9e-018	0	11.62	fp	0
1-DGGAGGWDWWHHWNN	STREME-1	6.9e-018	0	11.62	fp	0
1-DGGAGGWDWWHHWNN	STREME-1	6.9e-018	0	11.62	fp	0
1-DGGAGGWDWWHHWNN	STREME-1	6.9e-018	0	11.61	fp	0
1-DGGAGGWDWWHHWNN	STREME-1	6.9e-018	0	11.60	fp	0
1-DGGAGGWDWWHHWNN	STREME-1	6.9e-018	0	11.59	fp	1
1-DGGAGGWDWWHHWNN	STREME-1	6.9e-018	0	11.59	fp	0
1-DGGAGGWDWWHHWNN	STREME-1	6.9e-018	5	11.59	tp	0
1-DGGAGGWDWWHHWNN	STREME-1	6.9e-018	45	11.58	tp	0
1-DGGAGGWDWWHHWNN	STREME-1	6.9e-018	0	11.58	fp	0
1-DGGAGGWDWWHHWNN	STREME-1	6.9e-018	0	11.58	fp	0
1-DGGAGGWDWWHHWNN	STREME-1	6.9e-018	0	11.58	fp	0
1-DGGAGGWDWWHHWNN	STREME-1	6.9e-018	0	11.58	fp	0
1-DGGAGGWDWWHHWNN	STREME-1	6.9e-018	0	11.58	fp	0
1-DGGAGGWDWWHHWNN	STREME-1	6.9e-018	92	11.57	tp	0
1-DGGAGGWDWWHHWNN	STREME-1	6.9e-018	0	11.56	fp	0
1-DGGAGGWDWWHHWNN	STREME-1	6.9e-018	0	11.56	fp	0
1-DGGAGGWDWWHHWNN	STREME-1	6.9e-018	18	11.55	tp	0
1-DGGAGGWDWWHHWNN	STREME-1	6.9e-018	0	11.55	fp	0
1-DGGAGGWDWWHHWNN	STREME-1	6.9e-018	0	11.55	fp	0
1-DGGAGGWDWWHHWNN	STREME-1	6.9e-018	0	11.55	fp	1
1-DGGAGGWDWWHHWNN	STREME-1	6.9e-018	0	11.54	fp	0
1-DGGAGGWDWWHHWNN	STREME-1	6.9e-018	0	11.53	fp	0
1-DGGAGGWDWWHHWNN	STREME-1	6.9e-018	0	11.53	fp	0
1-DGGAGGWDWWHHWNN	STREME-1	6.9e-018	0	11.52	fp	0
1-DGGAGGWDWWHHWNN	STREME-1	6.9e-018	0	11.52	fp	0
1-DGGAGGWDWWHHWNN	STREME-1	6.9e-018	0	11.51	fp	0
1-DGGAGGWDWWHHWNN	STREME-1	6.9e-018	0	11.51	fp	0
1-DGGAGGWDWWHHWNN	STREME-1	6.9e-018	0	11.49	fp	0
1-DGGAGGWDWWHHWNN	STREME-1	6.9e-018	0	11.49	fp	0
1-DGGAGGWDWWHHWNN	STREME-1	6.9e-018	0	11.49	fp	0
1-DGGAGGWDWWHHWNN	STREME-1	6.9e-018	0	11.48	fp	0
1-DGGAGGWDWWHHWNN	STREME-1	6.9e-018	0	11.48	fp	0
1-DGGAGGWDWWHHWNN	STREME-1	6.9e-018	0	11.48	fp	0
1-DGGAGGWDWWHHWNN	STREME-1	6.9e-018	0	11.48	fp	0
1-DGGAGGWDWWHHWNN	STREME-1	6.9e-018	0	11.48	fp	0
1-DGGAGGWDWWHHWNN	STREME-1	6.9e-018	0	11.47	fp	0
1-DGGAGGWDWWHHWNN	STREME-1	6.9e-018	0	11.47	fp	0
1-DGGAGGWDWWHHWNN	STREME-1	6.9e-018	0	11.47	fp	0
1-DGGAGGWDWWHHWNN	STREME-1	6.9e-018	0	11.47	fp	0
1-DGGAGGWDWWHHWNN	STREME-1	6.9e-018	0	11.47	fp	0
1-DGGAGGWDWWHHWNN	STREME-1	6.9e-018	0	11.46	fp	0
1-DGGAGGWDWWHHWNN	STREME-1	6.9e-018	0	11.46	fp	0
1-DGGAGGWDWWHHWNN	STREME-1	6.9e-018	0	11.45	fp	0
1-DGGAGGWDWWHHWNN	STREME-1	6.9e-018	0	11.45	fp	0
1-DGGAGGWDWWHHWNN	STREME-1	6.9e-018	0	11.44	fp	0
1-DGGAGGWDWWHHWNN	STREME-1	6.9e-018	0	11.44	fp	0
1-DGGAGGWDWWHHWNN	STREME-1	6.9e-018	0	11.44	fp	0
1-DGGAGGWDWWHHWNN	STREME-1	6.9e-018	0	11.44	fp	0
1-DGGAGGWDWWHHWNN	STREME-1	6.9e-018	0	11.44	fp	0
1-DGGAGGWDWWHHWNN	STREME-1	6.9e-018	0	11.44	fp	0
1-DGGAGGWDWWHHWNN	STREME-1	6.9e-018	0	11.43	fp	0
1-DGGAGGWDWWHHWNN	STREME-1	6.9e-018	0	11.43	fp	0
1-DGGAGGWDWWHHWNN	STREME-1	6.9e-018	0	11.43	fp	0
1-DGGAGGWDWWHHWNN	STREME-1	6.9e-018	0	11.43	fp	0
1-DGGAGGWDWWHHWNN	STREME-1	6.9e-018	0	11.43	fp	0
1-DGGAGGWDWWHHWNN	STREME-1	6.9e-018	0	11.42	fp	0
1-DGGAGGWDWWHHWNN	STREME-1	6.9e-018	0	11.40	fp	0
1-DGGAGGWDWWHHWNN	STREME-1	6.9e-018	0	11.40	fp	1
1-DGGAGGWDWWHHWNN	STREME-1	6.9e-018	0	11.40	fp	0
1-DGGAGGWDWWHHWNN	STREME-1	6.9e-018	0	11.39	fp	0
1-DGGAGGWDWWHHWNN	STREME-1	6.9e-018	0	11.39	fp	0
1-DGGAGGWDWWHHWNN	STREME-1	6.9e-018	0	11.39	fp	0
1-DGGAGGWDWWHHWNN	STREME-1	6.9e-018	0	11.39	fp	1
1-DGGAGGWDWWHHWNN	STREME-1	6.9e-018	0	11.39	fp	1
1-DGGAGGWDWWHHWNN	STREME-1	6.9e-018	0	11.39	fp	0
1-DGGAGGWDWWHHWNN	STREME-1	6.9e-018	0	11.39	fp	0
1-DGGAGGWDWWHHWNN	STREME-1	6.9e-018	85	11.39	tp	0
1-DGGAGGWDWWHHWNN	STREME-1	6.9e-018	0	11.38	fp	0
1-DGGAGGWDWWHHWNN	STREME-1	6.9e-018	0	11.38	fp	0
1-DGGAGGWDWWHHWNN	STREME-1	6.9e-018	0	11.38	fp	0
1-DGGAGGWDWWHHWNN	STREME-1	6.9e-018	0	11.38	fp	0
1-DGGAGGWDWWHHWNN	STREME-1	6.9e-018	0	11.38	fp	0
1-DGGAGGWDWWHHWNN	STREME-1	6.9e-018	0	11.37	fp	0
1-DGGAGGWDWWHHWNN	STREME-1	6.9e-018	0	11.36	fp	0
1-DGGAGGWDWWHHWNN	STREME-1	6.9e-018	0	11.35	fp	0
1-DGGAGGWDWWHHWNN	STREME-1	6.9e-018	0	11.35	fp	0
1-DGGAGGWDWWHHWNN	STREME-1	6.9e-018	0	11.35	fp	0
1-DGGAGGWDWWHHWNN	STREME-1	6.9e-018	0	11.34	fp	0
1-DGGAGGWDWWHHWNN	STREME-1	6.9e-018	0	11.34	fp	0
1-DGGAGGWDWWHHWNN	STREME-1	6.9e-018	0	11.33	fp	0
1-DGGAGGWDWWHHWNN	STREME-1	6.9e-018	0	11.32	fp	0
1-DGGAGGWDWWHHWNN	STREME-1	6.9e-018	0	11.32	fp	0
1-DGGAGGWDWWHHWNN	STREME-1	6.9e-018	0	11.32	fp	1
1-DGGAGGWDWWHHWNN	STREME-1	6.9e-018	0	11.32	fp	0
1-DGGAGGWDWWHHWNN	STREME-1	6.9e-018	0	11.31	fp	0
1-DGGAGGWDWWHHWNN	STREME-1	6.9e-018	0	11.31	fp	0
1-DGGAGGWDWWHHWNN	STREME-1	6.9e-018	0	11.30	fp	0
1-DGGAGGWDWWHHWNN	STREME-1	6.9e-018	0	11.30	fp	1
1-DGGAGGWDWWHHWNN	STREME-1	6.9e-018	0	11.29	fp	0
1-DGGAGGWDWWHHWNN	STREME-1	6.9e-018	0	11.29	fp	0
1-DGGAGGWDWWHHWNN	STREME-1	6.9e-018	0	11.29	fp	0
1-DGGAGGWDWWHHWNN	STREME-1	6.9e-018	0	11.29	fp	0
1-DGGAGGWDWWHHWNN	STREME-1	6.9e-018	0	11.28	fp	0
1-DGGAGGWDWWHHWNN	STREME-1	6.9e-018	0	11.28	fp	0
1-DGGAGGWDWWHHWNN	STREME-1	6.9e-018	0	11.28	fp	0
1-DGGAGGWDWWHHWNN	STREME-1	6.9e-018	0	11.28	fp	0
1-DGGAGGWDWWHHWNN	STREME-1	6.9e-018	0	11.28	fp	0
1-DGGAGGWDWWHHWNN	STREME-1	6.9e-018	0	11.27	fp	1
1-DGGAGGWDWWHHWNN	STREME-1	6.9e-018	0	11.27	fp	0
1-DGGAGGWDWWHHWNN	STREME-1	6.9e-018	0	11.27	fp	0
1-DGGAGGWDWWHHWNN	STREME-1	6.9e-018	0	11.27	fp	0
1-DGGAGGWDWWHHWNN	STREME-1	6.9e-018	0	11.27	fp	0
1-DGGAGGWDWWHHWNN	STREME-1	6.9e-018	15	11.27	tp	0
1-DGGAGGWDWWHHWNN	STREME-1	6.9e-018	0	11.27	fp	0
1-DGGAGGWDWWHHWNN	STREME-1	6.9e-018	0	11.27	fp	0
1-DGGAGGWDWWHHWNN	STREME-1	6.9e-018	0	11.26	fp	0
1-DGGAGGWDWWHHWNN	STREME-1	6.9e-018	0	11.26	fp	0
1-DGGAGGWDWWHHWNN	STREME-1	6.9e-018	0	11.26	fp	0
1-DGGAGGWDWWHHWNN	STREME-1	6.9e-018	0	11.26	fp	0
1-DGGAGGWDWWHHWNN	STREME-1	6.9e-018	0	11.26	fp	0
1-DGGAGGWDWWHHWNN	STREME-1	6.9e-018	0	11.24	fp	0
1-DGGAGGWDWWHHWNN	STREME-1	6.9e-018	0	11.24	fp	0
1-DGGAGGWDWWHHWNN	STREME-1	6.9e-018	0	11.24	fp	0
1-DGGAGGWDWWHHWNN	STREME-1	6.9e-018	47	11.24	tp	0
1-DGGAGGWDWWHHWNN	STREME-1	6.9e-018	0	11.24	fp	0
1-DGGAGGWDWWHHWNN	STREME-1	6.9e-018	0	11.23	fp	0
1-DGGAGGWDWWHHWNN	STREME-1	6.9e-018	0	11.22	fp	0
1-DGGAGGWDWWHHWNN	STREME-1	6.9e-018	0	11.22	fp	0
1-DGGAGGWDWWHHWNN	STREME-1	6.9e-018	0	11.22	fp	0
1-DGGAGGWDWWHHWNN	STREME-1	6.9e-018	0	11.21	fp	0
1-DGGAGGWDWWHHWNN	STREME-1	6.9e-018	43	11.21	tp	0
1-DGGAGGWDWWHHWNN	STREME-1	6.9e-018	0	11.21	fp	0
1-DGGAGGWDWWHHWNN	STREME-1	6.9e-018	0	11.21	fp	0
1-DGGAGGWDWWHHWNN	STREME-1	6.9e-018	22	11.21	tp	0
1-DGGAGGWDWWHHWNN	STREME-1	6.9e-018	0	11.21	fp	0
1-DGGAGGWDWWHHWNN	STREME-1	6.9e-018	0	11.21	fp	0
1-DGGAGGWDWWHHWNN	STREME-1	6.9e-018	0	11.21	fp	0
1-DGGAGGWDWWHHWNN	STREME-1	6.9e-018	0	11.20	fp	0
1-DGGAGGWDWWHHWNN	STREME-1	6.9e-018	0	11.20	fp	0
1-DGGAGGWDWWHHWNN	STREME-1	6.9e-018	0	11.20	fp	0
1-DGGAGGWDWWHHWNN	STREME-1	6.9e-018	0	11.20	fp	0
1-DGGAGGWDWWHHWNN	STREME-1	6.9e-018	0	11.19	fp	0
1-DGGAGGWDWWHHWNN	STREME-1	6.9e-018	41	11.19	tp	0
1-DGGAGGWDWWHHWNN	STREME-1	6.9e-018	0	11.19	fp	0
1-DGGAGGWDWWHHWNN	STREME-1	6.9e-018	0	11.19	fp	0
1-DGGAGGWDWWHHWNN	STREME-1	6.9e-018	0	11.17	fp	0
1-DGGAGGWDWWHHWNN	STREME-1	6.9e-018	0	11.17	fp	0
1-DGGAGGWDWWHHWNN	STREME-1	6.9e-018	0	11.17	fp	0
1-DGGAGGWDWWHHWNN	STREME-1	6.9e-018	0	11.17	fp	0
1-DGGAGGWDWWHHWNN	STREME-1	6.9e-018	0	11.16	fp	0
1-DGGAGGWDWWHHWNN	STREME-1	6.9e-018	0	11.16	fp	0
1-DGGAGGWDWWHHWNN	STREME-1	6.9e-018	0	11.16	fp	0
1-DGGAGGWDWWHHWNN	STREME-1	6.9e-018	0	11.16	fp	0
1-DGGAGGWDWWHHWNN	STREME-1	6.9e-018	0	11.16	fp	0
1-DGGAGGWDWWHHWNN	STREME-1	6.9e-018	0	11.15	fp	1
1-DGGAGGWDWWHHWNN	STREME-1	6.9e-018	0	11.15	fp	0
1-DGGAGGWDWWHHWNN	STREME-1	6.9e-018	0	11.15	fp	0
1-DGGAGGWDWWHHWNN	STREME-1	6.9e-018	0	11.15	fp	0
1-DGGAGGWDWWHHWNN	STREME-1	6.9e-018	0	11.15	fp	1
1-DGGAGGWDWWHHWNN	STREME-1	6.9e-018	0	11.14	fp	0
1-DGGAGGWDWWHHWNN	STREME-1	6.9e-018	0	11.14	fp	0
1-DGGAGGWDWWHHWNN	STREME-1	6.9e-018	0	11.14	fp	0
1-DGGAGGWDWWHHWNN	STREME-1	6.9e-018	0	11.14	fp	1
1-DGGAGGWDWWHHWNN	STREME-1	6.9e-018	0	11.13	fp	0
1-DGGAGGWDWWHHWNN	STREME-1	6.9e-018	0	11.13	fp	0
1-DGGAGGWDWWHHWNN	STREME-1	6.9e-018	32	11.12	tp	0
1-DGGAGGWDWWHHWNN	STREME-1	6.9e-018	0	11.12	fp	0
1-DGGAGGWDWWHHWNN	STREME-1	6.9e-018	0	11.12	fp	1
1-DGGAGGWDWWHHWNN	STREME-1	6.9e-018	0	11.12	fp	0
1-DGGAGGWDWWHHWNN	STREME-1	6.9e-018	0	11.11	fp	0
1-DGGAGGWDWWHHWNN	STREME-1	6.9e-018	0	11.11	fp	1
1-DGGAGGWDWWHHWNN	STREME-1	6.9e-018	0	11.10	fp	1
1-DGGAGGWDWWHHWNN	STREME-1	6.9e-018	0	11.10	fp	0
1-DGGAGGWDWWHHWNN	STREME-1	6.9e-018	0	11.10	fp	1
1-DGGAGGWDWWHHWNN	STREME-1	6.9e-018	65	11.10	tp	0
1-DGGAGGWDWWHHWNN	STREME-1	6.9e-018	0	11.09	fp	0
1-DGGAGGWDWWHHWNN	STREME-1	6.9e-018	0	11.09	fp	0
1-DGGAGGWDWWHHWNN	STREME-1	6.9e-018	0	11.08	fp	0
1-DGGAGGWDWWHHWNN	STREME-1	6.9e-018	0	11.08	fp	0
1-DGGAGGWDWWHHWNN	STREME-1	6.9e-018	0	11.08	fp	1
1-DGGAGGWDWWHHWNN	STREME-1	6.9e-018	0	11.07	fp	0
1-DGGAGGWDWWHHWNN	STREME-1	6.9e-018	0	11.06	fp	0
1-DGGAGGWDWWHHWNN	STREME-1	6.9e-018	0	11.06	fp	1
1-DGGAGGWDWWHHWNN	STREME-1	6.9e-018	0	11.06	fp	0
1-DGGAGGWDWWHHWNN	STREME-1	6.9e-018	0	11.06	fp	0
1-DGGAGGWDWWHHWNN	STREME-1	6.9e-018	0	11.06	fp	0
1-DGGAGGWDWWHHWNN	STREME-1	6.9e-018	0	11.06	fp	0
1-DGGAGGWDWWHHWNN	STREME-1	6.9e-018	0	11.06	fp	0
1-DGGAGGWDWWHHWNN	STREME-1	6.9e-018	0	11.06	fp	0
1-DGGAGGWDWWHHWNN	STREME-1	6.9e-018	0	11.06	fp	0
1-DGGAGGWDWWHHWNN	STREME-1	6.9e-018	0	11.06	fp	0
1-DGGAGGWDWWHHWNN	STREME-1	6.9e-018	0	11.05	fp	0
1-DGGAGGWDWWHHWNN	STREME-1	6.9e-018	0	11.04	fp	0
1-DGGAGGWDWWHHWNN	STREME-1	6.9e-018	0	11.04	fp	0
1-DGGAGGWDWWHHWNN	STREME-1	6.9e-018	0	11.04	fp	0
1-DGGAGGWDWWHHWNN	STREME-1	6.9e-018	0	11.04	fp	0
1-DGGAGGWDWWHHWNN	STREME-1	6.9e-018	0	11.03	fp	0
1-DGGAGGWDWWHHWNN	STREME-1	6.9e-018	0	11.03	fp	0
1-DGGAGGWDWWHHWNN	STREME-1	6.9e-018	0	11.03	fp	1
1-DGGAGGWDWWHHWNN	STREME-1	6.9e-018	0	11.02	fp	0
1-DGGAGGWDWWHHWNN	STREME-1	6.9e-018	0	11.02	fp	0
1-DGGAGGWDWWHHWNN	STREME-1	6.9e-018	0	11.02	fp	0
1-DGGAGGWDWWHHWNN	STREME-1	6.9e-018	0	11.01	fp	0
1-DGGAGGWDWWHHWNN	STREME-1	6.9e-018	0	11.01	fp	0
1-DGGAGGWDWWHHWNN	STREME-1	6.9e-018	0	11.01	fp	0
1-DGGAGGWDWWHHWNN	STREME-1	6.9e-018	0	11.01	fp	0
1-DGGAGGWDWWHHWNN	STREME-1	6.9e-018	0	11.01	fp	1
1-DGGAGGWDWWHHWNN	STREME-1	6.9e-018	0	11.01	fp	1
1-DGGAGGWDWWHHWNN	STREME-1	6.9e-018	0	11.01	fp	0
1-DGGAGGWDWWHHWNN	STREME-1	6.9e-018	0	11.00	fp	1
1-DGGAGGWDWWHHWNN	STREME-1	6.9e-018	0	11.00	fp	0
1-DGGAGGWDWWHHWNN	STREME-1	6.9e-018	0	11.00	fp	0
1-DGGAGGWDWWHHWNN	STREME-1	6.9e-018	0	10.99	fp	0
1-DGGAGGWDWWHHWNN	STREME-1	6.9e-018	0	10.99	fp	0
1-DGGAGGWDWWHHWNN	STREME-1	6.9e-018	62	10.99	tp	0
1-DGGAGGWDWWHHWNN	STREME-1	6.9e-018	0	10.98	fp	0
1-DGGAGGWDWWHHWNN	STREME-1	6.9e-018	0	10.98	fp	0
1-DGGAGGWDWWHHWNN	STREME-1	6.9e-018	0	10.98	fp	0
1-DGGAGGWDWWHHWNN	STREME-1	6.9e-018	0	10.98	fp	0
1-DGGAGGWDWWHHWNN	STREME-1	6.9e-018	0	10.98	fp	0
1-DGGAGGWDWWHHWNN	STREME-1	6.9e-018	0	10.97	fp	1
1-DGGAGGWDWWHHWNN	STREME-1	6.9e-018	0	10.97	fp	0
1-DGGAGGWDWWHHWNN	STREME-1	6.9e-018	0	10.97	fp	0
1-DGGAGGWDWWHHWNN	STREME-1	6.9e-018	0	10.97	fp	0
1-DGGAGGWDWWHHWNN	STREME-1	6.9e-018	0	10.96	fp	0
1-DGGAGGWDWWHHWNN	STREME-1	6.9e-018	0	10.96	fp	0
1-DGGAGGWDWWHHWNN	STREME-1	6.9e-018	26	10.96	tp	1
1-DGGAGGWDWWHHWNN	STREME-1	6.9e-018	0	10.96	fp	1
1-DGGAGGWDWWHHWNN	STREME-1	6.9e-018	0	10.95	fp	0
1-DGGAGGWDWWHHWNN	STREME-1	6.9e-018	0	10.95	fp	1
1-DGGAGGWDWWHHWNN	STREME-1	6.9e-018	0	10.94	fp	0
1-DGGAGGWDWWHHWNN	STREME-1	6.9e-018	0	10.94	fp	0
1-DGGAGGWDWWHHWNN	STREME-1	6.9e-018	0	10.94	fp	0
1-DGGAGGWDWWHHWNN	STREME-1	6.9e-018	0	10.94	fp	0
1-DGGAGGWDWWHHWNN	STREME-1	6.9e-018	0	10.93	fp	1
1-DGGAGGWDWWHHWNN	STREME-1	6.9e-018	0	10.93	fp	0
1-DGGAGGWDWWHHWNN	STREME-1	6.9e-018	0	10.93	fp	0
1-DGGAGGWDWWHHWNN	STREME-1	6.9e-018	0	10.93	fp	1
1-DGGAGGWDWWHHWNN	STREME-1	6.9e-018	35	10.93	tp	0
1-DGGAGGWDWWHHWNN	STREME-1	6.9e-018	0	10.93	fp	1
1-DGGAGGWDWWHHWNN	STREME-1	6.9e-018	0	10.92	fp	0
1-DGGAGGWDWWHHWNN	STREME-1	6.9e-018	0	10.92	fp	0
1-DGGAGGWDWWHHWNN	STREME-1	6.9e-018	0	10.92	fp	0
1-DGGAGGWDWWHHWNN	STREME-1	6.9e-018	33	10.90	tp	1
1-DGGAGGWDWWHHWNN	STREME-1	6.9e-018	0	10.90	fp	0
1-DGGAGGWDWWHHWNN	STREME-1	6.9e-018	0	10.89	fp	0
1-DGGAGGWDWWHHWNN	STREME-1	6.9e-018	0	10.89	fp	0
1-DGGAGGWDWWHHWNN	STREME-1	6.9e-018	0	10.89	fp	0
1-DGGAGGWDWWHHWNN	STREME-1	6.9e-018	0	10.89	fp	0
1-DGGAGGWDWWHHWNN	STREME-1	6.9e-018	0	10.88	fp	0
1-DGGAGGWDWWHHWNN	STREME-1	6.9e-018	0	10.88	fp	0
1-DGGAGGWDWWHHWNN	STREME-1	6.9e-018	0	10.88	fp	0
1-DGGAGGWDWWHHWNN	STREME-1	6.9e-018	0	10.88	fp	0
1-DGGAGGWDWWHHWNN	STREME-1	6.9e-018	0	10.88	fp	0
1-DGGAGGWDWWHHWNN	STREME-1	6.9e-018	0	10.87	fp	0
1-DGGAGGWDWWHHWNN	STREME-1	6.9e-018	0	10.87	fp	0
1-DGGAGGWDWWHHWNN	STREME-1	6.9e-018	0	10.87	fp	0
1-DGGAGGWDWWHHWNN	STREME-1	6.9e-018	0	10.87	fp	0
1-DGGAGGWDWWHHWNN	STREME-1	6.9e-018	10	10.86	tp	0
1-DGGAGGWDWWHHWNN	STREME-1	6.9e-018	0	10.86	fp	0
1-DGGAGGWDWWHHWNN	STREME-1	6.9e-018	0	10.85	fp	0
1-DGGAGGWDWWHHWNN	STREME-1	6.9e-018	0	10.85	fp	0
1-DGGAGGWDWWHHWNN	STREME-1	6.9e-018	0	10.84	fp	0
1-DGGAGGWDWWHHWNN	STREME-1	6.9e-018	0	10.84	fp	0
1-DGGAGGWDWWHHWNN	STREME-1	6.9e-018	0	10.84	fp	0
1-DGGAGGWDWWHHWNN	STREME-1	6.9e-018	0	10.84	fp	1
1-DGGAGGWDWWHHWNN	STREME-1	6.9e-018	0	10.83	fp	0
1-DGGAGGWDWWHHWNN	STREME-1	6.9e-018	71	10.83	tp	0
1-DGGAGGWDWWHHWNN	STREME-1	6.9e-018	0	10.83	fp	1
1-DGGAGGWDWWHHWNN	STREME-1	6.9e-018	0	10.83	fp	0
1-DGGAGGWDWWHHWNN	STREME-1	6.9e-018	0	10.83	fp	0
1-DGGAGGWDWWHHWNN	STREME-1	6.9e-018	0	10.82	fp	1
1-DGGAGGWDWWHHWNN	STREME-1	6.9e-018	0	10.82	fp	1
1-DGGAGGWDWWHHWNN	STREME-1	6.9e-018	0	10.81	fp	0
1-DGGAGGWDWWHHWNN	STREME-1	6.9e-018	0	10.81	fp	0
1-DGGAGGWDWWHHWNN	STREME-1	6.9e-018	0	10.81	fp	0
1-DGGAGGWDWWHHWNN	STREME-1	6.9e-018	0	10.80	fp	0
1-DGGAGGWDWWHHWNN	STREME-1	6.9e-018	0	10.80	fp	0
1-DGGAGGWDWWHHWNN	STREME-1	6.9e-018	0	10.80	fp	0
1-DGGAGGWDWWHHWNN	STREME-1	6.9e-018	0	10.80	fp	0
1-DGGAGGWDWWHHWNN	STREME-1	6.9e-018	0	10.80	fp	0
1-DGGAGGWDWWHHWNN	STREME-1	6.9e-018	0	10.79	fp	0
1-DGGAGGWDWWHHWNN	STREME-1	6.9e-018	89	10.79	tp	1
1-DGGAGGWDWWHHWNN	STREME-1	6.9e-018	0	10.79	fp	0
1-DGGAGGWDWWHHWNN	STREME-1	6.9e-018	0	10.79	fp	0
1-DGGAGGWDWWHHWNN	STREME-1	6.9e-018	31	10.79	tp	0
1-DGGAGGWDWWHHWNN	STREME-1	6.9e-018	0	10.79	fp	0
1-DGGAGGWDWWHHWNN	STREME-1	6.9e-018	0	10.79	fp	0
1-DGGAGGWDWWHHWNN	STREME-1	6.9e-018	0	10.78	fp	0
1-DGGAGGWDWWHHWNN	STREME-1	6.9e-018	0	10.78	fp	0
1-DGGAGGWDWWHHWNN	STREME-1	6.9e-018	0	10.78	fp	0
1-DGGAGGWDWWHHWNN	STREME-1	6.9e-018	0	10.78	fp	0
1-DGGAGGWDWWHHWNN	STREME-1	6.9e-018	0	10.78	fp	0
1-DGGAGGWDWWHHWNN	STREME-1	6.9e-018	0	10.78	fp	0
1-DGGAGGWDWWHHWNN	STREME-1	6.9e-018	0	10.77	fp	0
1-DGGAGGWDWWHHWNN	STREME-1	6.9e-018	0	10.77	fp	0
1-DGGAGGWDWWHHWNN	STREME-1	6.9e-018	0	10.77	fp	0
1-DGGAGGWDWWHHWNN	STREME-1	6.9e-018	0	10.77	fp	0
1-DGGAGGWDWWHHWNN	STREME-1	6.9e-018	0	10.77	fp	0
1-DGGAGGWDWWHHWNN	STREME-1	6.9e-018	0	10.77	fp	0
1-DGGAGGWDWWHHWNN	STREME-1	6.9e-018	0	10.76	fp	0
1-DGGAGGWDWWHHWNN	STREME-1	6.9e-018	0	10.76	fp	0
1-DGGAGGWDWWHHWNN	STREME-1	6.9e-018	0	10.74	fp	0
1-DGGAGGWDWWHHWNN	STREME-1	6.9e-018	0	10.74	fp	0
1-DGGAGGWDWWHHWNN	STREME-1	6.9e-018	0	10.74	fp	0
1-DGGAGGWDWWHHWNN	STREME-1	6.9e-018	0	10.74	fp	0
1-DGGAGGWDWWHHWNN	STREME-1	6.9e-018	0	10.74	fp	0
1-DGGAGGWDWWHHWNN	STREME-1	6.9e-018	0	10.74	fp	0
1-DGGAGGWDWWHHWNN	STREME-1	6.9e-018	0	10.74	fp	0
1-DGGAGGWDWWHHWNN	STREME-1	6.9e-018	0	10.73	fp	0
1-DGGAGGWDWWHHWNN	STREME-1	6.9e-018	0	10.72	fp	0
1-DGGAGGWDWWHHWNN	STREME-1	6.9e-018	0	10.72	fp	0
1-DGGAGGWDWWHHWNN	STREME-1	6.9e-018	0	10.72	fp	0
1-DGGAGGWDWWHHWNN	STREME-1	6.9e-018	0	10.72	fp	0
1-DGGAGGWDWWHHWNN	STREME-1	6.9e-018	0	10.72	fp	0
1-DGGAGGWDWWHHWNN	STREME-1	6.9e-018	0	10.72	fp	0
1-DGGAGGWDWWHHWNN	STREME-1	6.9e-018	0	10.71	fp	1
1-DGGAGGWDWWHHWNN	STREME-1	6.9e-018	0	10.71	fp	0
1-DGGAGGWDWWHHWNN	STREME-1	6.9e-018	0	10.71	fp	0
1-DGGAGGWDWWHHWNN	STREME-1	6.9e-018	0	10.71	fp	0
1-DGGAGGWDWWHHWNN	STREME-1	6.9e-018	0	10.70	fp	0
1-DGGAGGWDWWHHWNN	STREME-1	6.9e-018	0	10.70	fp	0
1-DGGAGGWDWWHHWNN	STREME-1	6.9e-018	0	10.70	fp	0
1-DGGAGGWDWWHHWNN	STREME-1	6.9e-018	0	10.70	fp	0
1-DGGAGGWDWWHHWNN	STREME-1	6.9e-018	0	10.70	fp	0
1-DGGAGGWDWWHHWNN	STREME-1	6.9e-018	0	10.70	fp	0
1-DGGAGGWDWWHHWNN	STREME-1	6.9e-018	42	10.70	tp	0
1-DGGAGGWDWWHHWNN	STREME-1	6.9e-018	0	10.70	fp	0
1-DGGAGGWDWWHHWNN	STREME-1	6.9e-018	0	10.69	fp	0
1-DGGAGGWDWWHHWNN	STREME-1	6.9e-018	0	10.69	fp	0
1-DGGAGGWDWWHHWNN	STREME-1	6.9e-018	0	10.69	fp	0
1-DGGAGGWDWWHHWNN	STREME-1	6.9e-018	0	10.69	fp	0
1-DGGAGGWDWWHHWNN	STREME-1	6.9e-018	0	10.69	fp	0
1-DGGAGGWDWWHHWNN	STREME-1	6.9e-018	0	10.69	fp	0
1-DGGAGGWDWWHHWNN	STREME-1	6.9e-018	0	10.69	fp	0
1-DGGAGGWDWWHHWNN	STREME-1	6.9e-018	0	10.68	fp	0
1-DGGAGGWDWWHHWNN	STREME-1	6.9e-018	0	10.68	fp	0
1-DGGAGGWDWWHHWNN	STREME-1	6.9e-018	0	10.68	fp	0
1-DGGAGGWDWWHHWNN	STREME-1	6.9e-018	39	10.67	tp	0
1-DGGAGGWDWWHHWNN	STREME-1	6.9e-018	0	10.67	fp	0
1-DGGAGGWDWWHHWNN	STREME-1	6.9e-018	0	10.67	fp	0
1-DGGAGGWDWWHHWNN	STREME-1	6.9e-018	0	10.67	fp	1
1-DGGAGGWDWWHHWNN	STREME-1	6.9e-018	0	10.66	fp	0
1-DGGAGGWDWWHHWNN	STREME-1	6.9e-018	0	10.66	fp	0
1-DGGAGGWDWWHHWNN	STREME-1	6.9e-018	0	10.66	fp	0
1-DGGAGGWDWWHHWNN	STREME-1	6.9e-018	0	10.65	fp	0
1-DGGAGGWDWWHHWNN	STREME-1	6.9e-018	0	10.65	fp	0
1-DGGAGGWDWWHHWNN	STREME-1	6.9e-018	0	10.64	fp	0
1-DGGAGGWDWWHHWNN	STREME-1	6.9e-018	0	10.64	fp	0
1-DGGAGGWDWWHHWNN	STREME-1	6.9e-018	0	10.64	fp	0
1-DGGAGGWDWWHHWNN	STREME-1	6.9e-018	0	10.64	fp	0
1-DGGAGGWDWWHHWNN	STREME-1	6.9e-018	0	10.64	fp	0
1-DGGAGGWDWWHHWNN	STREME-1	6.9e-018	0	10.64	fp	1
1-DGGAGGWDWWHHWNN	STREME-1	6.9e-018	90	10.63	tp	0
1-DGGAGGWDWWHHWNN	STREME-1	6.9e-018	0	10.63	fp	0
1-DGGAGGWDWWHHWNN	STREME-1	6.9e-018	0	10.62	fp	0
1-DGGAGGWDWWHHWNN	STREME-1	6.9e-018	0	10.61	fp	0
1-DGGAGGWDWWHHWNN	STREME-1	6.9e-018	0	10.61	fp	0
1-DGGAGGWDWWHHWNN	STREME-1	6.9e-018	0	10.61	fp	0
1-DGGAGGWDWWHHWNN	STREME-1	6.9e-018	0	10.60	fp	0
1-DGGAGGWDWWHHWNN	STREME-1	6.9e-018	0	10.60	fp	0
1-DGGAGGWDWWHHWNN	STREME-1	6.9e-018	0	10.60	fp	0
1-DGGAGGWDWWHHWNN	STREME-1	6.9e-018	0	10.60	fp	0
1-DGGAGGWDWWHHWNN	STREME-1	6.9e-018	0	10.60	fp	0
1-DGGAGGWDWWHHWNN	STREME-1	6.9e-018	0	10.60	fp	0
1-DGGAGGWDWWHHWNN	STREME-1	6.9e-018	0	10.60	fp	0
1-DGGAGGWDWWHHWNN	STREME-1	6.9e-018	0	10.60	fp	1
1-DGGAGGWDWWHHWNN	STREME-1	6.9e-018	0	10.60	fp	1
1-DGGAGGWDWWHHWNN	STREME-1	6.9e-018	0	10.59	fp	0
1-DGGAGGWDWWHHWNN	STREME-1	6.9e-018	0	10.59	fp	0
1-DGGAGGWDWWHHWNN	STREME-1	6.9e-018	0	10.58	fp	0
1-DGGAGGWDWWHHWNN	STREME-1	6.9e-018	0	10.58	fp	0
1-DGGAGGWDWWHHWNN	STREME-1	6.9e-018	0	10.57	fp	0
1-DGGAGGWDWWHHWNN	STREME-1	6.9e-018	0	10.57	fp	0
1-DGGAGGWDWWHHWNN	STREME-1	6.9e-018	49	10.56	tp	0
1-DGGAGGWDWWHHWNN	STREME-1	6.9e-018	0	10.56	fp	0
1-DGGAGGWDWWHHWNN	STREME-1	6.9e-018	0	10.55	fp	0
1-DGGAGGWDWWHHWNN	STREME-1	6.9e-018	0	10.55	fp	0
1-DGGAGGWDWWHHWNN	STREME-1	6.9e-018	0	10.55	fp	0
1-DGGAGGWDWWHHWNN	STREME-1	6.9e-018	0	10.55	fp	0
1-DGGAGGWDWWHHWNN	STREME-1	6.9e-018	0	10.55	fp	0
1-DGGAGGWDWWHHWNN	STREME-1	6.9e-018	0	10.54	fp	0
1-DGGAGGWDWWHHWNN	STREME-1	6.9e-018	0	10.53	fp	0
1-DGGAGGWDWWHHWNN	STREME-1	6.9e-018	0	10.53	fp	0
1-DGGAGGWDWWHHWNN	STREME-1	6.9e-018	0	10.53	fp	0
1-DGGAGGWDWWHHWNN	STREME-1	6.9e-018	0	10.51	fp	0
1-DGGAGGWDWWHHWNN	STREME-1	6.9e-018	0	10.51	fp	0
1-DGGAGGWDWWHHWNN	STREME-1	6.9e-018	0	10.50	fp	0
1-DGGAGGWDWWHHWNN	STREME-1	6.9e-018	0	10.50	fp	0
1-DGGAGGWDWWHHWNN	STREME-1	6.9e-018	0	10.50	fp	0
1-DGGAGGWDWWHHWNN	STREME-1	6.9e-018	0	10.50	fp	0
1-DGGAGGWDWWHHWNN	STREME-1	6.9e-018	0	10.49	fp	0
1-DGGAGGWDWWHHWNN	STREME-1	6.9e-018	0	10.48	fp	0
1-DGGAGGWDWWHHWNN	STREME-1	6.9e-018	0	10.48	fp	0
1-DGGAGGWDWWHHWNN	STREME-1	6.9e-018	0	10.48	fp	0
1-DGGAGGWDWWHHWNN	STREME-1	6.9e-018	0	10.48	fp	0
1-DGGAGGWDWWHHWNN	STREME-1	6.9e-018	0	10.48	fp	0
1-DGGAGGWDWWHHWNN	STREME-1	6.9e-018	0	10.48	fp	1
1-DGGAGGWDWWHHWNN	STREME-1	6.9e-018	0	10.48	fp	0
1-DGGAGGWDWWHHWNN	STREME-1	6.9e-018	0	10.48	fp	0
1-DGGAGGWDWWHHWNN	STREME-1	6.9e-018	0	10.48	fp	0
1-DGGAGGWDWWHHWNN	STREME-1	6.9e-018	0	10.47	fp	0
1-DGGAGGWDWWHHWNN	STREME-1	6.9e-018	0	10.47	fp	1
1-DGGAGGWDWWHHWNN	STREME-1	6.9e-018	34	10.47	tp	1
1-DGGAGGWDWWHHWNN	STREME-1	6.9e-018	0	10.47	fp	1
1-DGGAGGWDWWHHWNN	STREME-1	6.9e-018	0	10.47	fp	0
1-DGGAGGWDWWHHWNN	STREME-1	6.9e-018	0	10.46	fp	0
1-DGGAGGWDWWHHWNN	STREME-1	6.9e-018	0	10.46	fp	0
1-DGGAGGWDWWHHWNN	STREME-1	6.9e-018	0	10.46	fp	1
1-DGGAGGWDWWHHWNN	STREME-1	6.9e-018	0	10.46	fp	0
1-DGGAGGWDWWHHWNN	STREME-1	6.9e-018	0	10.45	fp	0
1-DGGAGGWDWWHHWNN	STREME-1	6.9e-018	0	10.45	fp	0
1-DGGAGGWDWWHHWNN	STREME-1	6.9e-018	0	10.45	fp	0
1-DGGAGGWDWWHHWNN	STREME-1	6.9e-018	0	10.45	fp	0
1-DGGAGGWDWWHHWNN	STREME-1	6.9e-018	0	10.45	fp	0
1-DGGAGGWDWWHHWNN	STREME-1	6.9e-018	0	10.45	fp	0
1-DGGAGGWDWWHHWNN	STREME-1	6.9e-018	0	10.45	fp	1
1-DGGAGGWDWWHHWNN	STREME-1	6.9e-018	0	10.44	fp	0
1-DGGAGGWDWWHHWNN	STREME-1	6.9e-018	0	10.43	fp	0
1-DGGAGGWDWWHHWNN	STREME-1	6.9e-018	0	10.43	fp	0
1-DGGAGGWDWWHHWNN	STREME-1	6.9e-018	0	10.43	fp	0
1-DGGAGGWDWWHHWNN	STREME-1	6.9e-018	0	10.43	fp	1
1-DGGAGGWDWWHHWNN	STREME-1	6.9e-018	0	10.42	fp	0
1-DGGAGGWDWWHHWNN	STREME-1	6.9e-018	0	10.42	fp	0
1-DGGAGGWDWWHHWNN	STREME-1	6.9e-018	0	10.42	fp	0
1-DGGAGGWDWWHHWNN	STREME-1	6.9e-018	0	10.42	fp	0
1-DGGAGGWDWWHHWNN	STREME-1	6.9e-018	0	10.42	fp	0
1-DGGAGGWDWWHHWNN	STREME-1	6.9e-018	0	10.41	fp	0
1-DGGAGGWDWWHHWNN	STREME-1	6.9e-018	0	10.40	fp	0
1-DGGAGGWDWWHHWNN	STREME-1	6.9e-018	0	10.40	fp	0
1-DGGAGGWDWWHHWNN	STREME-1	6.9e-018	54	10.39	tp	0
1-DGGAGGWDWWHHWNN	STREME-1	6.9e-018	0	10.39	fp	0
1-DGGAGGWDWWHHWNN	STREME-1	6.9e-018	0	10.39	fp	0
1-DGGAGGWDWWHHWNN	STREME-1	6.9e-018	0	10.39	fp	0
1-DGGAGGWDWWHHWNN	STREME-1	6.9e-018	0	10.39	fp	0
1-DGGAGGWDWWHHWNN	STREME-1	6.9e-018	0	10.39	fp	0
1-DGGAGGWDWWHHWNN	STREME-1	6.9e-018	0	10.38	fp	0
1-DGGAGGWDWWHHWNN	STREME-1	6.9e-018	0	10.38	fp	0
1-DGGAGGWDWWHHWNN	STREME-1	6.9e-018	0	10.38	fp	0
1-DGGAGGWDWWHHWNN	STREME-1	6.9e-018	0	10.38	fp	0
1-DGGAGGWDWWHHWNN	STREME-1	6.9e-018	0	10.37	fp	0
1-DGGAGGWDWWHHWNN	STREME-1	6.9e-018	0	10.37	fp	0
1-DGGAGGWDWWHHWNN	STREME-1	6.9e-018	0	10.37	fp	0
1-DGGAGGWDWWHHWNN	STREME-1	6.9e-018	0	10.37	fp	0
1-DGGAGGWDWWHHWNN	STREME-1	6.9e-018	0	10.37	fp	0
1-DGGAGGWDWWHHWNN	STREME-1	6.9e-018	75	10.37	tp	0
1-DGGAGGWDWWHHWNN	STREME-1	6.9e-018	0	10.36	fp	1
1-DGGAGGWDWWHHWNN	STREME-1	6.9e-018	0	10.36	fp	0
1-DGGAGGWDWWHHWNN	STREME-1	6.9e-018	0	10.36	fp	0
1-DGGAGGWDWWHHWNN	STREME-1	6.9e-018	0	10.36	fp	0
1-DGGAGGWDWWHHWNN	STREME-1	6.9e-018	0	10.35	fp	0
1-DGGAGGWDWWHHWNN	STREME-1	6.9e-018	0	10.35	fp	0
1-DGGAGGWDWWHHWNN	STREME-1	6.9e-018	0	10.35	fp	0
1-DGGAGGWDWWHHWNN	STREME-1	6.9e-018	0	10.35	fp	0
1-DGGAGGWDWWHHWNN	STREME-1	6.9e-018	0	10.35	fp	0
1-DGGAGGWDWWHHWNN	STREME-1	6.9e-018	0	10.33	fp	0
1-DGGAGGWDWWHHWNN	STREME-1	6.9e-018	7	10.33	tp	0
1-DGGAGGWDWWHHWNN	STREME-1	6.9e-018	0	10.33	fp	0
1-DGGAGGWDWWHHWNN	STREME-1	6.9e-018	0	10.33	fp	0
1-DGGAGGWDWWHHWNN	STREME-1	6.9e-018	0	10.32	fp	0
1-DGGAGGWDWWHHWNN	STREME-1	6.9e-018	0	10.32	fp	0
1-DGGAGGWDWWHHWNN	STREME-1	6.9e-018	0	10.32	fp	1
1-DGGAGGWDWWHHWNN	STREME-1	6.9e-018	0	10.31	fp	0
1-DGGAGGWDWWHHWNN	STREME-1	6.9e-018	0	10.31	fp	0
1-DGGAGGWDWWHHWNN	STREME-1	6.9e-018	0	10.31	fp	0
1-DGGAGGWDWWHHWNN	STREME-1	6.9e-018	0	10.31	fp	0
1-DGGAGGWDWWHHWNN	STREME-1	6.9e-018	0	10.30	fp	1
1-DGGAGGWDWWHHWNN	STREME-1	6.9e-018	0	10.30	fp	0
1-DGGAGGWDWWHHWNN	STREME-1	6.9e-018	0	10.29	fp	0
1-DGGAGGWDWWHHWNN	STREME-1	6.9e-018	0	10.29	fp	0
1-DGGAGGWDWWHHWNN	STREME-1	6.9e-018	0	10.29	fp	0
1-DGGAGGWDWWHHWNN	STREME-1	6.9e-018	0	10.27	fp	0
1-DGGAGGWDWWHHWNN	STREME-1	6.9e-018	0	10.27	fp	0
1-DGGAGGWDWWHHWNN	STREME-1	6.9e-018	0	10.27	fp	0
1-DGGAGGWDWWHHWNN	STREME-1	6.9e-018	0	10.27	fp	0
1-DGGAGGWDWWHHWNN	STREME-1	6.9e-018	0	10.25	fp	0
1-DGGAGGWDWWHHWNN	STREME-1	6.9e-018	0	10.25	fp	0
1-DGGAGGWDWWHHWNN	STREME-1	6.9e-018	0	10.25	fp	0
1-DGGAGGWDWWHHWNN	STREME-1	6.9e-018	0	10.25	fp	1
1-DGGAGGWDWWHHWNN	STREME-1	6.9e-018	0	10.24	fp	0
1-DGGAGGWDWWHHWNN	STREME-1	6.9e-018	0	10.24	fp	0
1-DGGAGGWDWWHHWNN	STREME-1	6.9e-018	0	10.23	fp	0
1-DGGAGGWDWWHHWNN	STREME-1	6.9e-018	0	10.23	fp	0
1-DGGAGGWDWWHHWNN	STREME-1	6.9e-018	0	10.23	fp	0
1-DGGAGGWDWWHHWNN	STREME-1	6.9e-018	0	10.23	fp	0
1-DGGAGGWDWWHHWNN	STREME-1	6.9e-018	0	10.23	fp	0
1-DGGAGGWDWWHHWNN	STREME-1	6.9e-018	0	10.23	fp	0
1-DGGAGGWDWWHHWNN	STREME-1	6.9e-018	0	10.22	fp	0
1-DGGAGGWDWWHHWNN	STREME-1	6.9e-018	0	10.22	fp	0
1-DGGAGGWDWWHHWNN	STREME-1	6.9e-018	0	10.22	fp	0
1-DGGAGGWDWWHHWNN	STREME-1	6.9e-018	0	10.22	fp	0
1-DGGAGGWDWWHHWNN	STREME-1	6.9e-018	0	10.22	fp	1
1-DGGAGGWDWWHHWNN	STREME-1	6.9e-018	0	10.21	fp	0
1-DGGAGGWDWWHHWNN	STREME-1	6.9e-018	0	10.20	fp	0
1-DGGAGGWDWWHHWNN	STREME-1	6.9e-018	0	10.20	fp	0
1-DGGAGGWDWWHHWNN	STREME-1	6.9e-018	4	10.19	tp	0
1-DGGAGGWDWWHHWNN	STREME-1	6.9e-018	0	10.19	fp	0
1-DGGAGGWDWWHHWNN	STREME-1	6.9e-018	0	10.19	fp	0
1-DGGAGGWDWWHHWNN	STREME-1	6.9e-018	0	10.18	fp	0
1-DGGAGGWDWWHHWNN	STREME-1	6.9e-018	0	10.18	fp	0
1-DGGAGGWDWWHHWNN	STREME-1	6.9e-018	0	10.18	fp	0
1-DGGAGGWDWWHHWNN	STREME-1	6.9e-018	0	10.18	fp	0
1-DGGAGGWDWWHHWNN	STREME-1	6.9e-018	0	10.17	fp	0
1-DGGAGGWDWWHHWNN	STREME-1	6.9e-018	0	10.17	fp	0
1-DGGAGGWDWWHHWNN	STREME-1	6.9e-018	0	10.17	fp	0
1-DGGAGGWDWWHHWNN	STREME-1	6.9e-018	77	10.16	tp	0
1-DGGAGGWDWWHHWNN	STREME-1	6.9e-018	0	10.16	fp	0
1-DGGAGGWDWWHHWNN	STREME-1	6.9e-018	0	10.16	fp	0
1-DGGAGGWDWWHHWNN	STREME-1	6.9e-018	0	10.16	fp	1
1-DGGAGGWDWWHHWNN	STREME-1	6.9e-018	0	10.16	fp	0
1-DGGAGGWDWWHHWNN	STREME-1	6.9e-018	0	10.16	fp	0
1-DGGAGGWDWWHHWNN	STREME-1	6.9e-018	0	10.16	fp	0
1-DGGAGGWDWWHHWNN	STREME-1	6.9e-018	0	10.16	fp	0
1-DGGAGGWDWWHHWNN	STREME-1	6.9e-018	0	10.14	fp	0
1-DGGAGGWDWWHHWNN	STREME-1	6.9e-018	0	10.14	fp	0
1-DGGAGGWDWWHHWNN	STREME-1	6.9e-018	0	10.14	fp	0
1-DGGAGGWDWWHHWNN	STREME-1	6.9e-018	0	10.14	fp	0
1-DGGAGGWDWWHHWNN	STREME-1	6.9e-018	0	10.14	fp	0
1-DGGAGGWDWWHHWNN	STREME-1	6.9e-018	0	10.13	fp	1
1-DGGAGGWDWWHHWNN	STREME-1	6.9e-018	0	10.13	fp	0
1-DGGAGGWDWWHHWNN	STREME-1	6.9e-018	0	10.13	fp	0
1-DGGAGGWDWWHHWNN	STREME-1	6.9e-018	0	10.13	fp	0
1-DGGAGGWDWWHHWNN	STREME-1	6.9e-018	0	10.12	fp	0
1-DGGAGGWDWWHHWNN	STREME-1	6.9e-018	0	10.11	fp	0
1-DGGAGGWDWWHHWNN	STREME-1	6.9e-018	0	10.11	fp	0
1-DGGAGGWDWWHHWNN	STREME-1	6.9e-018	0	10.11	fp	0
1-DGGAGGWDWWHHWNN	STREME-1	6.9e-018	6	10.10	tp	0
1-DGGAGGWDWWHHWNN	STREME-1	6.9e-018	0	10.10	fp	0
1-DGGAGGWDWWHHWNN	STREME-1	6.9e-018	0	10.09	fp	0
1-DGGAGGWDWWHHWNN	STREME-1	6.9e-018	0	10.08	fp	0
1-DGGAGGWDWWHHWNN	STREME-1	6.9e-018	0	10.08	fp	0
1-DGGAGGWDWWHHWNN	STREME-1	6.9e-018	82	10.08	tp	0
1-DGGAGGWDWWHHWNN	STREME-1	6.9e-018	0	10.08	fp	1
1-DGGAGGWDWWHHWNN	STREME-1	6.9e-018	0	10.07	fp	1
1-DGGAGGWDWWHHWNN	STREME-1	6.9e-018	0	10.07	fp	0
1-DGGAGGWDWWHHWNN	STREME-1	6.9e-018	0	10.07	fp	1
1-DGGAGGWDWWHHWNN	STREME-1	6.9e-018	0	10.07	fp	0
1-DGGAGGWDWWHHWNN	STREME-1	6.9e-018	0	10.07	fp	0
1-DGGAGGWDWWHHWNN	STREME-1	6.9e-018	0	10.07	fp	0
1-DGGAGGWDWWHHWNN	STREME-1	6.9e-018	0	10.07	fp	0
1-DGGAGGWDWWHHWNN	STREME-1	6.9e-018	0	10.06	fp	0
1-DGGAGGWDWWHHWNN	STREME-1	6.9e-018	0	10.06	fp	1
1-DGGAGGWDWWHHWNN	STREME-1	6.9e-018	0	10.06	fp	0
1-DGGAGGWDWWHHWNN	STREME-1	6.9e-018	0	10.05	fp	0
1-DGGAGGWDWWHHWNN	STREME-1	6.9e-018	0	10.04	fp	0
1-DGGAGGWDWWHHWNN	STREME-1	6.9e-018	0	10.04	fp	1
1-DGGAGGWDWWHHWNN	STREME-1	6.9e-018	0	10.04	fp	0
1-DGGAGGWDWWHHWNN	STREME-1	6.9e-018	0	10.04	fp	0
1-DGGAGGWDWWHHWNN	STREME-1	6.9e-018	0	10.04	fp	0
1-DGGAGGWDWWHHWNN	STREME-1	6.9e-018	0	10.04	fp	1
1-DGGAGGWDWWHHWNN	STREME-1	6.9e-018	0	10.03	fp	1
1-DGGAGGWDWWHHWNN	STREME-1	6.9e-018	0	10.03	fp	1
1-DGGAGGWDWWHHWNN	STREME-1	6.9e-018	0	10.03	fp	0
1-DGGAGGWDWWHHWNN	STREME-1	6.9e-018	0	10.02	fp	0
1-DGGAGGWDWWHHWNN	STREME-1	6.9e-018	0	10.01	fp	0
1-DGGAGGWDWWHHWNN	STREME-1	6.9e-018	0	10.01	fp	0
1-DGGAGGWDWWHHWNN	STREME-1	6.9e-018	0	10.01	fp	1
1-DGGAGGWDWWHHWNN	STREME-1	6.9e-018	0	10.01	fp	0
1-DGGAGGWDWWHHWNN	STREME-1	6.9e-018	0	10.01	fp	0
1-DGGAGGWDWWHHWNN	STREME-1	6.9e-018	0	10.01	fp	0
1-DGGAGGWDWWHHWNN	STREME-1	6.9e-018	0	10.00	fp	0
1-DGGAGGWDWWHHWNN	STREME-1	6.9e-018	0	10.00	fp	1
1-DGGAGGWDWWHHWNN	STREME-1	6.9e-018	0	9.99	fp	0
1-DGGAGGWDWWHHWNN	STREME-1	6.9e-018	0	9.99	fp	0
1-DGGAGGWDWWHHWNN	STREME-1	6.9e-018	0	9.99	fp	0
1-DGGAGGWDWWHHWNN	STREME-1	6.9e-018	0	9.98	fp	0
1-DGGAGGWDWWHHWNN	STREME-1	6.9e-018	0	9.98	fp	0
1-DGGAGGWDWWHHWNN	STREME-1	6.9e-018	0	9.97	fp	1
1-DGGAGGWDWWHHWNN	STREME-1	6.9e-018	0	9.97	fp	1
1-DGGAGGWDWWHHWNN	STREME-1	6.9e-018	0	9.96	fp	0
1-DGGAGGWDWWHHWNN	STREME-1	6.9e-018	0	9.95	fp	0
1-DGGAGGWDWWHHWNN	STREME-1	6.9e-018	0	9.95	fp	0
1-DGGAGGWDWWHHWNN	STREME-1	6.9e-018	0	9.95	fp	0
1-DGGAGGWDWWHHWNN	STREME-1	6.9e-018	0	9.94	fp	0
1-DGGAGGWDWWHHWNN	STREME-1	6.9e-018	0	9.94	fp	0
1-DGGAGGWDWWHHWNN	STREME-1	6.9e-018	0	9.94	fp	0
1-DGGAGGWDWWHHWNN	STREME-1	6.9e-018	0	9.93	fp	0
1-DGGAGGWDWWHHWNN	STREME-1	6.9e-018	0	9.93	fp	0
1-DGGAGGWDWWHHWNN	STREME-1	6.9e-018	0	9.93	fp	0
1-DGGAGGWDWWHHWNN	STREME-1	6.9e-018	0	9.93	fp	0
1-DGGAGGWDWWHHWNN	STREME-1	6.9e-018	0	9.92	fp	0
1-DGGAGGWDWWHHWNN	STREME-1	6.9e-018	0	9.92	fp	0
1-DGGAGGWDWWHHWNN	STREME-1	6.9e-018	0	9.91	fp	0
1-DGGAGGWDWWHHWNN	STREME-1	6.9e-018	0	9.90	fp	0
1-DGGAGGWDWWHHWNN	STREME-1	6.9e-018	0	9.89	fp	0
1-DGGAGGWDWWHHWNN	STREME-1	6.9e-018	0	9.89	fp	0
1-DGGAGGWDWWHHWNN	STREME-1	6.9e-018	0	9.89	fp	0
1-DGGAGGWDWWHHWNN	STREME-1	6.9e-018	0	9.88	fp	0
1-DGGAGGWDWWHHWNN	STREME-1	6.9e-018	30	9.88	tp	0
1-DGGAGGWDWWHHWNN	STREME-1	6.9e-018	0	9.87	fp	0
1-DGGAGGWDWWHHWNN	STREME-1	6.9e-018	0	9.87	fp	0
1-DGGAGGWDWWHHWNN	STREME-1	6.9e-018	0	9.86	fp	0
1-DGGAGGWDWWHHWNN	STREME-1	6.9e-018	0	9.86	fp	1
1-DGGAGGWDWWHHWNN	STREME-1	6.9e-018	0	9.85	fp	0
1-DGGAGGWDWWHHWNN	STREME-1	6.9e-018	0	9.85	fp	0
1-DGGAGGWDWWHHWNN	STREME-1	6.9e-018	0	9.85	fp	0
1-DGGAGGWDWWHHWNN	STREME-1	6.9e-018	0	9.85	fp	0
1-DGGAGGWDWWHHWNN	STREME-1	6.9e-018	0	9.85	fp	0
1-DGGAGGWDWWHHWNN	STREME-1	6.9e-018	0	9.84	fp	0
1-DGGAGGWDWWHHWNN	STREME-1	6.9e-018	0	9.82	fp	0
1-DGGAGGWDWWHHWNN	STREME-1	6.9e-018	0	9.82	fp	0
1-DGGAGGWDWWHHWNN	STREME-1	6.9e-018	0	9.81	fp	0
1-DGGAGGWDWWHHWNN	STREME-1	6.9e-018	0	9.81	fp	0
1-DGGAGGWDWWHHWNN	STREME-1	6.9e-018	0	9.81	fp	0
1-DGGAGGWDWWHHWNN	STREME-1	6.9e-018	0	9.81	fp	0
1-DGGAGGWDWWHHWNN	STREME-1	6.9e-018	0	9.80	fp	0
1-DGGAGGWDWWHHWNN	STREME-1	6.9e-018	0	9.79	fp	0
1-DGGAGGWDWWHHWNN	STREME-1	6.9e-018	0	9.79	fp	0
1-DGGAGGWDWWHHWNN	STREME-1	6.9e-018	0	9.77	fp	0
1-DGGAGGWDWWHHWNN	STREME-1	6.9e-018	0	9.77	fp	0
1-DGGAGGWDWWHHWNN	STREME-1	6.9e-018	0	9.77	fp	0
1-DGGAGGWDWWHHWNN	STREME-1	6.9e-018	0	9.76	fp	0
1-DGGAGGWDWWHHWNN	STREME-1	6.9e-018	0	9.76	fp	0
1-DGGAGGWDWWHHWNN	STREME-1	6.9e-018	0	9.76	fp	0
1-DGGAGGWDWWHHWNN	STREME-1	6.9e-018	0	9.75	fp	1
1-DGGAGGWDWWHHWNN	STREME-1	6.9e-018	0	9.75	fp	0
1-DGGAGGWDWWHHWNN	STREME-1	6.9e-018	0	9.75	fp	0
1-DGGAGGWDWWHHWNN	STREME-1	6.9e-018	0	9.75	fp	0
1-DGGAGGWDWWHHWNN	STREME-1	6.9e-018	0	9.75	fp	0
1-DGGAGGWDWWHHWNN	STREME-1	6.9e-018	0	9.75	fp	0
1-DGGAGGWDWWHHWNN	STREME-1	6.9e-018	0	9.75	fp	0
1-DGGAGGWDWWHHWNN	STREME-1	6.9e-018	0	9.75	fp	1
1-DGGAGGWDWWHHWNN	STREME-1	6.9e-018	0	9.74	fp	0
1-DGGAGGWDWWHHWNN	STREME-1	6.9e-018	0	9.74	fp	0
1-DGGAGGWDWWHHWNN	STREME-1	6.9e-018	0	9.73	fp	0
1-DGGAGGWDWWHHWNN	STREME-1	6.9e-018	46	9.73	tp	0
1-DGGAGGWDWWHHWNN	STREME-1	6.9e-018	0	9.73	fp	0
1-DGGAGGWDWWHHWNN	STREME-1	6.9e-018	0	9.73	fp	0
1-DGGAGGWDWWHHWNN	STREME-1	6.9e-018	0	9.73	fp	0
1-DGGAGGWDWWHHWNN	STREME-1	6.9e-018	0	9.73	fp	1
1-DGGAGGWDWWHHWNN	STREME-1	6.9e-018	0	9.73	fp	0
1-DGGAGGWDWWHHWNN	STREME-1	6.9e-018	0	9.73	fp	0
1-DGGAGGWDWWHHWNN	STREME-1	6.9e-018	0	9.72	fp	0
1-DGGAGGWDWWHHWNN	STREME-1	6.9e-018	0	9.72	fp	0
1-DGGAGGWDWWHHWNN	STREME-1	6.9e-018	0	9.72	fp	0
1-DGGAGGWDWWHHWNN	STREME-1	6.9e-018	0	9.72	fp	0
1-DGGAGGWDWWHHWNN	STREME-1	6.9e-018	0	9.71	fp	1
1-DGGAGGWDWWHHWNN	STREME-1	6.9e-018	0	9.70	fp	0
1-DGGAGGWDWWHHWNN	STREME-1	6.9e-018	0	9.70	fp	1
1-DGGAGGWDWWHHWNN	STREME-1	6.9e-018	0	9.70	fp	0
1-DGGAGGWDWWHHWNN	STREME-1	6.9e-018	0	9.70	fp	0
1-DGGAGGWDWWHHWNN	STREME-1	6.9e-018	0	9.70	fp	1
1-DGGAGGWDWWHHWNN	STREME-1	6.9e-018	0	9.69	fp	1
1-DGGAGGWDWWHHWNN	STREME-1	6.9e-018	0	9.69	fp	0
1-DGGAGGWDWWHHWNN	STREME-1	6.9e-018	0	9.69	fp	0
1-DGGAGGWDWWHHWNN	STREME-1	6.9e-018	0	9.69	fp	0
1-DGGAGGWDWWHHWNN	STREME-1	6.9e-018	0	9.69	fp	0
1-DGGAGGWDWWHHWNN	STREME-1	6.9e-018	0	9.69	fp	0
1-DGGAGGWDWWHHWNN	STREME-1	6.9e-018	0	9.68	fp	0
1-DGGAGGWDWWHHWNN	STREME-1	6.9e-018	0	9.68	fp	0
1-DGGAGGWDWWHHWNN	STREME-1	6.9e-018	0	9.68	fp	0
1-DGGAGGWDWWHHWNN	STREME-1	6.9e-018	0	9.68	fp	0
1-DGGAGGWDWWHHWNN	STREME-1	6.9e-018	0	9.67	fp	0
1-DGGAGGWDWWHHWNN	STREME-1	6.9e-018	0	9.67	fp	0
1-DGGAGGWDWWHHWNN	STREME-1	6.9e-018	0	9.67	fp	0
1-DGGAGGWDWWHHWNN	STREME-1	6.9e-018	0	9.67	fp	0
1-DGGAGGWDWWHHWNN	STREME-1	6.9e-018	0	9.65	fp	0
1-DGGAGGWDWWHHWNN	STREME-1	6.9e-018	0	9.65	fp	0
1-DGGAGGWDWWHHWNN	STREME-1	6.9e-018	0	9.64	fp	0
1-DGGAGGWDWWHHWNN	STREME-1	6.9e-018	0	9.64	fp	0
1-DGGAGGWDWWHHWNN	STREME-1	6.9e-018	0	9.64	fp	0
1-DGGAGGWDWWHHWNN	STREME-1	6.9e-018	0	9.63	fp	1
1-DGGAGGWDWWHHWNN	STREME-1	6.9e-018	28	9.63	tp	0
1-DGGAGGWDWWHHWNN	STREME-1	6.9e-018	0	9.63	fp	0
1-DGGAGGWDWWHHWNN	STREME-1	6.9e-018	0	9.62	fp	0
1-DGGAGGWDWWHHWNN	STREME-1	6.9e-018	0	9.62	fp	0
1-DGGAGGWDWWHHWNN	STREME-1	6.9e-018	0	9.61	fp	0
1-DGGAGGWDWWHHWNN	STREME-1	6.9e-018	0	9.61	fp	0
1-DGGAGGWDWWHHWNN	STREME-1	6.9e-018	0	9.60	fp	0
1-DGGAGGWDWWHHWNN	STREME-1	6.9e-018	23	9.60	tp	0
1-DGGAGGWDWWHHWNN	STREME-1	6.9e-018	0	9.60	fp	0
1-DGGAGGWDWWHHWNN	STREME-1	6.9e-018	0	9.59	fp	0
1-DGGAGGWDWWHHWNN	STREME-1	6.9e-018	0	9.59	fp	0
1-DGGAGGWDWWHHWNN	STREME-1	6.9e-018	0	9.59	fp	0
1-DGGAGGWDWWHHWNN	STREME-1	6.9e-018	0	9.59	fp	1
1-DGGAGGWDWWHHWNN	STREME-1	6.9e-018	0	9.59	fp	0
1-DGGAGGWDWWHHWNN	STREME-1	6.9e-018	0	9.59	fp	0
1-DGGAGGWDWWHHWNN	STREME-1	6.9e-018	0	9.59	fp	0
1-DGGAGGWDWWHHWNN	STREME-1	6.9e-018	0	9.58	fp	0
1-DGGAGGWDWWHHWNN	STREME-1	6.9e-018	0	9.58	fp	0
1-DGGAGGWDWWHHWNN	STREME-1	6.9e-018	0	9.58	fp	0
1-DGGAGGWDWWHHWNN	STREME-1	6.9e-018	0	9.58	fp	0
1-DGGAGGWDWWHHWNN	STREME-1	6.9e-018	0	9.57	fp	0
1-DGGAGGWDWWHHWNN	STREME-1	6.9e-018	0	9.57	fp	0
1-DGGAGGWDWWHHWNN	STREME-1	6.9e-018	0	9.56	fp	0
1-DGGAGGWDWWHHWNN	STREME-1	6.9e-018	0	9.55	fp	0
1-DGGAGGWDWWHHWNN	STREME-1	6.9e-018	0	9.55	fp	0
1-DGGAGGWDWWHHWNN	STREME-1	6.9e-018	0	9.55	fp	0
1-DGGAGGWDWWHHWNN	STREME-1	6.9e-018	0	9.54	fp	0
1-DGGAGGWDWWHHWNN	STREME-1	6.9e-018	0	9.52	fp	0
1-DGGAGGWDWWHHWNN	STREME-1	6.9e-018	0	9.52	fp	0
1-DGGAGGWDWWHHWNN	STREME-1	6.9e-018	0	9.51	fp	0
1-DGGAGGWDWWHHWNN	STREME-1	6.9e-018	0	9.50	fp	0
1-DGGAGGWDWWHHWNN	STREME-1	6.9e-018	0	9.50	fp	0
1-DGGAGGWDWWHHWNN	STREME-1	6.9e-018	0	9.49	fp	0
1-DGGAGGWDWWHHWNN	STREME-1	6.9e-018	0	9.48	fp	0
1-DGGAGGWDWWHHWNN	STREME-1	6.9e-018	0	9.48	fp	1
1-DGGAGGWDWWHHWNN	STREME-1	6.9e-018	0	9.48	fp	0
1-DGGAGGWDWWHHWNN	STREME-1	6.9e-018	0	9.47	fp	0
1-DGGAGGWDWWHHWNN	STREME-1	6.9e-018	0	9.47	fp	0
1-DGGAGGWDWWHHWNN	STREME-1	6.9e-018	0	9.47	fp	0
1-DGGAGGWDWWHHWNN	STREME-1	6.9e-018	0	9.47	fp	0
1-DGGAGGWDWWHHWNN	STREME-1	6.9e-018	0	9.47	fp	0
1-DGGAGGWDWWHHWNN	STREME-1	6.9e-018	0	9.47	fp	0
1-DGGAGGWDWWHHWNN	STREME-1	6.9e-018	0	9.45	fp	0
1-DGGAGGWDWWHHWNN	STREME-1	6.9e-018	0	9.45	fp	0
1-DGGAGGWDWWHHWNN	STREME-1	6.9e-018	0	9.45	fp	0
1-DGGAGGWDWWHHWNN	STREME-1	6.9e-018	0	9.44	fp	0
1-DGGAGGWDWWHHWNN	STREME-1	6.9e-018	0	9.43	fp	0
1-DGGAGGWDWWHHWNN	STREME-1	6.9e-018	0	9.43	fp	1
1-DGGAGGWDWWHHWNN	STREME-1	6.9e-018	0	9.41	fp	0
1-DGGAGGWDWWHHWNN	STREME-1	6.9e-018	0	9.40	fp	0
1-DGGAGGWDWWHHWNN	STREME-1	6.9e-018	0	9.37	fp	0
1-DGGAGGWDWWHHWNN	STREME-1	6.9e-018	0	9.35	fp	0
1-DGGAGGWDWWHHWNN	STREME-1	6.9e-018	0	9.35	fp	0
1-DGGAGGWDWWHHWNN	STREME-1	6.9e-018	0	9.35	fp	0
1-DGGAGGWDWWHHWNN	STREME-1	6.9e-018	0	9.35	fp	0
1-DGGAGGWDWWHHWNN	STREME-1	6.9e-018	0	9.34	fp	0
1-DGGAGGWDWWHHWNN	STREME-1	6.9e-018	0	9.34	fp	0
1-DGGAGGWDWWHHWNN	STREME-1	6.9e-018	0	9.31	fp	0
1-DGGAGGWDWWHHWNN	STREME-1	6.9e-018	0	9.28	fp	1
1-DGGAGGWDWWHHWNN	STREME-1	6.9e-018	0	9.28	fp	0
1-DGGAGGWDWWHHWNN	STREME-1	6.9e-018	0	9.28	fp	0
1-DGGAGGWDWWHHWNN	STREME-1	6.9e-018	0	9.28	fp	1
1-DGGAGGWDWWHHWNN	STREME-1	6.9e-018	0	9.28	fp	0
1-DGGAGGWDWWHHWNN	STREME-1	6.9e-018	0	9.27	fp	0
1-DGGAGGWDWWHHWNN	STREME-1	6.9e-018	0	9.27	fp	0
1-DGGAGGWDWWHHWNN	STREME-1	6.9e-018	0	9.25	fp	0
1-DGGAGGWDWWHHWNN	STREME-1	6.9e-018	0	9.25	fp	0
1-DGGAGGWDWWHHWNN	STREME-1	6.9e-018	0	9.25	fp	0
1-DGGAGGWDWWHHWNN	STREME-1	6.9e-018	0	9.25	fp	0
1-DGGAGGWDWWHHWNN	STREME-1	6.9e-018	0	9.25	fp	0
1-DGGAGGWDWWHHWNN	STREME-1	6.9e-018	0	9.25	fp	1
1-DGGAGGWDWWHHWNN	STREME-1	6.9e-018	0	9.24	fp	0
1-DGGAGGWDWWHHWNN	STREME-1	6.9e-018	0	9.23	fp	0
1-DGGAGGWDWWHHWNN	STREME-1	6.9e-018	0	9.22	fp	0
1-DGGAGGWDWWHHWNN	STREME-1	6.9e-018	0	9.22	fp	0
1-DGGAGGWDWWHHWNN	STREME-1	6.9e-018	0	9.22	fp	1
1-DGGAGGWDWWHHWNN	STREME-1	6.9e-018	0	9.21	fp	0
1-DGGAGGWDWWHHWNN	STREME-1	6.9e-018	0	9.21	fp	0
1-DGGAGGWDWWHHWNN	STREME-1	6.9e-018	0	9.20	fp	0
1-DGGAGGWDWWHHWNN	STREME-1	6.9e-018	0	9.18	fp	0
1-DGGAGGWDWWHHWNN	STREME-1	6.9e-018	0	9.18	fp	0
1-DGGAGGWDWWHHWNN	STREME-1	6.9e-018	0	9.18	fp	0
1-DGGAGGWDWWHHWNN	STREME-1	6.9e-018	0	9.17	fp	0
1-DGGAGGWDWWHHWNN	STREME-1	6.9e-018	0	9.17	fp	0
1-DGGAGGWDWWHHWNN	STREME-1	6.9e-018	25	9.17	tp	0
1-DGGAGGWDWWHHWNN	STREME-1	6.9e-018	0	9.17	fp	0
1-DGGAGGWDWWHHWNN	STREME-1	6.9e-018	0	9.17	fp	0
1-DGGAGGWDWWHHWNN	STREME-1	6.9e-018	0	9.17	fp	1
1-DGGAGGWDWWHHWNN	STREME-1	6.9e-018	0	9.17	fp	0
1-DGGAGGWDWWHHWNN	STREME-1	6.9e-018	0	9.17	fp	0
1-DGGAGGWDWWHHWNN	STREME-1	6.9e-018	0	9.15	fp	0
1-DGGAGGWDWWHHWNN	STREME-1	6.9e-018	0	9.15	fp	0
1-DGGAGGWDWWHHWNN	STREME-1	6.9e-018	0	9.13	fp	0
1-DGGAGGWDWWHHWNN	STREME-1	6.9e-018	0	9.13	fp	0
1-DGGAGGWDWWHHWNN	STREME-1	6.9e-018	0	9.13	fp	0
1-DGGAGGWDWWHHWNN	STREME-1	6.9e-018	0	9.12	fp	0
1-DGGAGGWDWWHHWNN	STREME-1	6.9e-018	0	9.12	fp	0
1-DGGAGGWDWWHHWNN	STREME-1	6.9e-018	0	9.11	fp	0
1-DGGAGGWDWWHHWNN	STREME-1	6.9e-018	0	9.06	fp	0
1-DGGAGGWDWWHHWNN	STREME-1	6.9e-018	0	9.05	fp	0
1-DGGAGGWDWWHHWNN	STREME-1	6.9e-018	0	9.05	fp	1
1-DGGAGGWDWWHHWNN	STREME-1	6.9e-018	0	9.04	fp	0
1-DGGAGGWDWWHHWNN	STREME-1	6.9e-018	0	9.04	fp	0
1-DGGAGGWDWWHHWNN	STREME-1	6.9e-018	0	9.03	fp	0
1-DGGAGGWDWWHHWNN	STREME-1	6.9e-018	0	9.03	fp	0
1-DGGAGGWDWWHHWNN	STREME-1	6.9e-018	0	9.03	fp	0
1-DGGAGGWDWWHHWNN	STREME-1	6.9e-018	0	9.00	fp	0
1-DGGAGGWDWWHHWNN	STREME-1	6.9e-018	0	8.99	fp	0
1-DGGAGGWDWWHHWNN	STREME-1	6.9e-018	0	8.98	fp	0
1-DGGAGGWDWWHHWNN	STREME-1	6.9e-018	0	8.94	fp	0
1-DGGAGGWDWWHHWNN	STREME-1	6.9e-018	0	8.94	fp	0
1-DGGAGGWDWWHHWNN	STREME-1	6.9e-018	0	8.94	fp	0
1-DGGAGGWDWWHHWNN	STREME-1	6.9e-018	0	8.93	fp	0
1-DGGAGGWDWWHHWNN	STREME-1	6.9e-018	0	8.93	fp	0
1-DGGAGGWDWWHHWNN	STREME-1	6.9e-018	0	8.93	fp	0
1-DGGAGGWDWWHHWNN	STREME-1	6.9e-018	0	8.93	fp	0
1-DGGAGGWDWWHHWNN	STREME-1	6.9e-018	0	8.92	fp	0
1-DGGAGGWDWWHHWNN	STREME-1	6.9e-018	0	8.91	fp	0
1-DGGAGGWDWWHHWNN	STREME-1	6.9e-018	0	8.91	fp	0
1-DGGAGGWDWWHHWNN	STREME-1	6.9e-018	0	8.85	fp	0
1-DGGAGGWDWWHHWNN	STREME-1	6.9e-018	0	8.83	fp	0
1-DGGAGGWDWWHHWNN	STREME-1	6.9e-018	0	8.83	fp	0
1-DGGAGGWDWWHHWNN	STREME-1	6.9e-018	0	8.81	fp	1
1-DGGAGGWDWWHHWNN	STREME-1	6.9e-018	0	8.80	fp	0
1-DGGAGGWDWWHHWNN	STREME-1	6.9e-018	0	8.80	fp	0
1-DGGAGGWDWWHHWNN	STREME-1	6.9e-018	0	8.80	fp	0
1-DGGAGGWDWWHHWNN	STREME-1	6.9e-018	0	8.79	fp	0
1-DGGAGGWDWWHHWNN	STREME-1	6.9e-018	0	8.79	fp	0
1-DGGAGGWDWWHHWNN	STREME-1	6.9e-018	0	8.79	fp	0
1-DGGAGGWDWWHHWNN	STREME-1	6.9e-018	0	8.79	fp	0
1-DGGAGGWDWWHHWNN	STREME-1	6.9e-018	27	8.78	tp	0
#
2-RGGGCTCW	STREME-2	1.0e+000	0	16.23	fp	0
2-RGGGCTCW	STREME-2	1.0e+000	0	16.23	fp	0
2-RGGGCTCW	STREME-2	1.0e+000	0	16.23	fp	0
2-RGGGCTCW	STREME-2	1.0e+000	0	16.23	fp	0
2-RGGGCTCW	STREME-2	1.0e+000	0	16.23	fp	0
2-RGGGCTCW	STREME-2	1.0e+000	0	16.23	fp	0
2-RGGGCTCW	STREME-2	1.0e+000	0	16.23	fp	0
2-RGGGCTCW	STREME-2	1.0e+000	0	16.23	fp	0
2-RGGGCTCW	STREME-2	1.0e+000	0	16.23	fp	0
2-RGGGCTCW	STREME-2	1.0e+000	0	16.23	fp	0
2-RGGGCTCW	STREME-2	1.0e+000	0	16.23	fp	0
2-RGGGCTCW	STREME-2	1.0e+000	64	15.97	tp	0
2-RGGGCTCW	STREME-2	1.0e+000	0	15.97	fp	0
2-RGGGCTCW	STREME-2	1.0e+000	0	15.97	fp	0
2-RGGGCTCW	STREME-2	1.0e+000	0	15.97	fp	0
2-RGGGCTCW	STREME-2	1.0e+000	0	15.97	fp	0
2-RGGGCTCW	STREME-2	1.0e+000	0	15.97	fp	0
2-RGGGCTCW	STREME-2	1.0e+000	0	15.97	fp	0
2-RGGGCTCW	STREME-2	1.0e+000	0	15.97	fp	0
2-RGGGCTCW	STREME-2	1.0e+000	0	15.97	fp	0
2-RGGGCTCW	STREME-2	1.0e+000	0	15.97	fp	0
2-RGGGCTCW	STREME-2	1.0e+000	0	15.97	fp	0
2-RGGGCTCW	STREME-2	1.0e+000	0	15.97	fp	0
2-RGGGCTCW	STREME-2	1.0e+000	0	15.97	fp	0
2-RGGGCTCW	STREME-2	1.0e+000	0	15.97	fp	0
2-RGGGCTCW	STREME-2	1.0e+000	0	15.97	fp	0
2-RGGGCTCW	STREME-2	1.0e+000	0	15.97	fp	0
2-RGGGCTCW	STREME-2	1.0e+000	0	15.97	fp	1
2-RGGGCTCW	STREME-2	1.0e+000	0	15.97	fp	1
2-RGGGCTCW	STREME-2	1.0e+000	19	15.24	tp	0
2-RGGGCTCW	STREME-2	1.0e+000	0	15.24	fp	0
2-RGGGCTCW	STREME-2	1.0e+000	0	15.24	fp	0
2-RGGGCTCW	STREME-2	1.0e+000	0	15.24	fp	0
2-RGGGCTCW	STREME-2	1.0e+000	0	15.24	fp	0
2-RGGGCTCW	STREME-2	1.0e+000	0	15.24	fp	0
2-RGGGCTCW	STREME-2	1.0e+000	0	15.24	fp	0
2-RGGGCTCW	STREME-2	1.0e+000	0	15.24	fp	0
2-RGGGCTCW	STREME-2	1.0e+000	0	15.24	fp	0
2-RGGGCTCW	STREME-2	1.0e+000	0	15.24	fp	0
2-RGGGCTCW	STREME-2	1.0e+000	0	15.24	fp	0
2-RGGGCTCW	STREME-2	1.0e+000	0	15.24	fp	0
2-RGGGCTCW	STREME-2	1.0e+000	0	15.24	fp	0
2-RGGGCTCW	STREME-2	1.0e+000	0	15.24	fp	0
2-RGGGCTCW	STREME-2	1.0e+000	0	15.24	fp	1
2-RGGGCTCW	STREME-2	1.0e+000	0	15.24	fp	1
#
3-AACGGGACT	STREME-3	1.0e+000	36	19.81	tp	0
3-AACGGGACT	STREME-3	1.0e+000	0	19.81	fp	0
3-AACGGGACT	STREME-3	1.0e+000	0	19.81	fp	1
#
4-AGTGGGCTA	STREME-4	1.0e+000	80	18.70	tp	0
4-AGTGGGCTA	STREME-4	1.0e+000	0	18.70	fp	0
