genome_name	type	motif	e-value
SQK-NBD114-24_barcode22_3	intergenic	DNNNWGATCWNNNH	1.1e-313
SQK-NBD114-24_barcode22_3	intergenic	CAAYRNNNYRTTG	3.9e-29
SQK-NBD114-24_barcode22_3	intergenic	AGCKBHDYGATG	1e-13
SQK-NBD114-24_barcode22_3	intergenic	GRAGTACTYC	2.5e-06
SQK-NBD114-24_barcode22_3	intergenic	TTGATADNHDRTTCA	7.1e-06
SQK-NBD114-24_barcode22_3	gene	VMHGATCVMDNNNNN	0.0
SQK-NBD114-24_barcode22_3	gene	AGCDWRHYGATG	4.3e-59
SQK-NBD114-24_barcode22_3	gene	NCAAYDNNNHRTTGN	3.6e-43
SQK-NBD114-24_barcode22_3	gene	NTGAAYDNNNHRTCN	8.2e-25
SQK-NBD114-24_barcode22_3	gene	NNNSVAGTACTBSNNN	3.4e-13
SQK-NBD114-24_barcode22_3	gene	CGNTANNDNNNNGTC	4.5e-08
SQK-NBD114-24_barcode22_2	gene	WCCTCCWDHWNHWDH	3.7e-118
SQK-NBD114-24_barcode18_8	intergenic	NNNNNGAWTCNNNNN	3.7e-126
SQK-NBD114-24_barcode18_8	intergenic	CCAGGNNNNN	2e-118
SQK-NBD114-24_barcode18_8	intergenic	GAGRNNNNVATGA	1.6e-40
SQK-NBD114-24_barcode18_8	intergenic	CCAGHNVMHBGTC	4e-20
SQK-NBD114-24_barcode18_8	gene	NNNNNCCWGGNNNNN	0.0
SQK-NBD114-24_barcode18_8	gene	NNSNGAWTCNSNN	1e-295
SQK-NBD114-24_barcode18_8	gene	CCAGHWBVHBGTCR	1.1e-99
SQK-NBD114-24_barcode18_8	gene	GAGVNNNNSRTGA	1e-45
SQK-NBD114-24_barcode18_5	intergenic	NNGTSSACNN	8.8e-18
SQK-NBD114-24_barcode18_5	intergenic	AGAWYYHNGRTAAH	2.5e-08
SQK-NBD114-24_barcode18_5	intergenic	WNMHGGATCCDKNW	9.8e-06
SQK-NBD114-24_barcode18_5	intergenic	RCTGGGCCDHN	0.00023
SQK-NBD114-24_barcode18_5	gene	SGTGGACRNBVNSVN	1.5e-96
SQK-NBD114-24_barcode18_5	gene	CHGGCCCAGSNNVNB	7.6e-67
SQK-NBD114-24_barcode18_5	gene	GATVNSVNBSRTGC	6e-57
SQK-NBD114-24_barcode18_5	gene	VDSNGGATCCNSHB	4.2e-55
SQK-NBD114-24_barcode18_5	gene	HCGNCGACGTCGNCGD	3.2e-30
SQK-NBD114-24_barcode18_5	gene	CAGAWNVNSVRTAA	9e-16
SQK-NBD114-24_barcode18_5	gene	CGAANNBRNNBBGTC	1.3e-13
SQK-NBD114-24_barcode18_4	intergenic	NNNSSGANTCSSNNN	5.8e-100
SQK-NBD114-24_barcode18_4	intergenic	CGAANSVCNBTCC	3.2e-38
SQK-NBD114-24_barcode18_4	intergenic	BBGTCGACVV	2.5e-05
SQK-NBD114-24_barcode18_4	gene	BSGAWTCSV	2.2e-223
SQK-NBD114-24_barcode18_4	gene	NSSYBGTCGACVRSSN	2.7e-94
SQK-NBD114-24_barcode18_4	gene	SCGAANNSSBDTCCG	6.9e-84
SQK-NBD114-24_barcode18_3	intergenic	MADNGATCWNVMNNN	4.1e-321
SQK-NBD114-24_barcode18_3	intergenic	NNNNDCCWGGHNNNN	8.6e-81
SQK-NBD114-24_barcode18_3	intergenic	AAGHNNHRTTAG	6.7e-22
SQK-NBD114-24_barcode18_3	intergenic	GACDWHNHNGAT	1.9e-21
SQK-NBD114-24_barcode18_3	intergenic	DCTCGAGSVDKWYWN	6.3e-11
SQK-NBD114-24_barcode18_3	gene	NRHGATCMVNNNNNN	0.0
SQK-NBD114-24_barcode18_3	gene	NNNNNCCWGGNNNNN	0.0
SQK-NBD114-24_barcode18_3	gene	YATCDANDHHGTC	6.4e-126
SQK-NBD114-24_barcode18_3	gene	DCYAAYDNNNCTTBD	4.3e-74
SQK-NBD114-24_barcode18_3	gene	VCTCGAGHRWDDNNB	2.8e-15
SQK-NBD114-24_barcode18_3	gene	AAAGATCTT	0.06
SQK-NBD114-24_barcode18_3	gene	KCAGATCTGM	0.073
SQK-NBD114-24_barcode18_2	intergenic	NNNNBGAWTCVNNNN	2e-141
SQK-NBD114-24_barcode18_2	intergenic	TCCAARMVRKCTTS	0.00068
SQK-NBD114-24_barcode18_2	intergenic	AAGTGGCG	0.014
SQK-NBD114-24_barcode18_2	gene	NNNBSGAWTCSVNNN	0.0
SQK-NBD114-24_barcode18_2	gene	TCCAKNNSSBCTTCV	6.5e-81
SQK-NBD114-24_barcode18_2	gene	AAGSCVNBVBCTCS	3.4e-20
SQK-NBD114-24_barcode18_2	gene	NKCCGGCCGGMN	0.0059
SQK-NBD114-24_barcode18_1	intergenic	CCTCCHDWWNWWAD	4.8e-15
SQK-NBD114-24_barcode18_1	gene	DHWCCTCCWNHWNHW	3.6e-287
SQK-NBD114-24_barcode17_7	intergenic	NNNNNGAWTCNNNNN	1.2e-128
SQK-NBD114-24_barcode17_7	intergenic	TCCANNNNVVCTTS	7.7e-13
SQK-NBD114-24_barcode17_7	intergenic	GAAGSCKSHWMCTC	0.0024
SQK-NBD114-24_barcode17_7	gene	NVNBSGAWTCSVNBN	0.0
SQK-NBD114-24_barcode17_7	gene	TCCASVNSSBCTTCV	8.7e-76
SQK-NBD114-24_barcode17_7	gene	GAAGCSVNSNBCTC	1.8e-16
SQK-NBD114-24_barcode17_7	gene	CCGGCCTTGACG	0.014
SQK-NBD114-24_barcode17_7	gene	CNCCGGCCGGNG	0.097
SQK-NBD114-24_barcode17_6	intergenic	NNNVSGANTCSBNNN	2.9e-109
SQK-NBD114-24_barcode17_6	intergenic	GGAVNGSSNTTCGN	3.8e-22
SQK-NBD114-24_barcode17_6	intergenic	GTCGACCRSSD	6.3e-05
SQK-NBD114-24_barcode17_6	intergenic	CGTCGRYCGACG	0.068
SQK-NBD114-24_barcode17_6	gene	BSGAWTCSV	1.3e-231
SQK-NBD114-24_barcode17_6	gene	HSSYBGTCGACVRSSD	4.1e-96
SQK-NBD114-24_barcode17_6	gene	CGAANNSSNNTCCSV	1.2e-75
SQK-NBD114-24_barcode17_5	intergenic	CCTCCHDWWHHWDW	1e-11
SQK-NBD114-24_barcode17_5	gene	WCCTCCWNHWNHWDH	4.7e-278
SQK-NBD114-24_barcode17_4	intergenic	NGTGGACVNNNWNN	7.5e-06
SQK-NBD114-24_barcode17_4	intergenic	VHSRACGTYSDB	1.5e-05
SQK-NBD114-24_barcode17_4	intergenic	HTTAYDKDHWVTCT	3.8e-05
SQK-NBD114-24_barcode17_4	intergenic	CATGGATCC	0.00023
SQK-NBD114-24_barcode17_4	intergenic	GGCCCAGBNHBS	0.0059
SQK-NBD114-24_barcode17_4	intergenic	DKCHGGATCCDGMH	0.015
SQK-NBD114-24_barcode17_4	gene	NCHGGCCCAGVNNNN	8e-75
SQK-NBD114-24_barcode17_4	gene	VNBGTSSACVNB	3.9e-69
SQK-NBD114-24_barcode17_4	gene	GGCAYBVNSVNSATC	2.5e-48
SQK-NBD114-24_barcode17_4	gene	VNGGATCCNB	3.6e-36
SQK-NBD114-24_barcode17_4	gene	NCRNCGACGTCGNYGN	4.6e-23
SQK-NBD114-24_barcode17_4	gene	CAGAWYVNSVRTAAN	4.1e-21
SQK-NBD114-24_barcode17_4	gene	CSGACGTCSG	0.00019
SQK-NBD114-24_barcode17_3	intergenic	WWTTGATCTYNNHND	2e-307
SQK-NBD114-24_barcode17_3	intergenic	NNNNNCCWGGNNNNN	1.5e-60
SQK-NBD114-24_barcode17_3	intergenic	GACDWHNHHGAT	7.2e-32
SQK-NBD114-24_barcode17_3	intergenic	NCYAAYWNNDCTTT	2.6e-28
SQK-NBD114-24_barcode17_3	intergenic	NNNRCTCGAGYNNN	5.9e-07
SQK-NBD114-24_barcode17_3	gene	NNNNNGATCNNNNN	0.0
SQK-NBD114-24_barcode17_3	gene	NNNNNCCWGGNNNNN	0.0
SQK-NBD114-24_barcode17_3	gene	ATCDNYWWYGTC	5.5e-122
SQK-NBD114-24_barcode17_3	gene	CYAAYDNBKCTTBDD	9e-73
SQK-NBD114-24_barcode17_3	gene	HCTCGAGHWNDYNHD	9.7e-16
SQK-NBD114-24_barcode17_1	intergenic	NNNNNGAWTCNNNNN	9.7e-145
SQK-NBD114-24_barcode17_1	intergenic	NNNCCWGGNNN	8e-125
SQK-NBD114-24_barcode17_1	intergenic	GGAGRNNNNNATGA	6.2e-35
SQK-NBD114-24_barcode17_1	intergenic	CCAGHDVNNBGTC	5.4e-12
SQK-NBD114-24_barcode17_1	intergenic	AGACCAAGGTCTGG	0.00023
SQK-NBD114-24_barcode17_1	gene	NNNNNCCWGGNNNNN	0.0
SQK-NBD114-24_barcode17_1	gene	NNNBNGAWTCNVNNN	6.3e-263
SQK-NBD114-24_barcode17_1	gene	CCAGHWBVHBGTCR	5.5e-108
SQK-NBD114-24_barcode17_1	gene	GAGGNBNNSRTGA	6.5e-55
SQK-NBD114-24_barcode16_8	intergenic	DCCTCCWDWWNHWWT	5.8e-13
SQK-NBD114-24_barcode16_8	gene	WCCTCCWNHWNHWDH	2.6e-280
SQK-NBD114-24_barcode16_7	intergenic	NVSGAWTCSBN	1.1e-120
SQK-NBD114-24_barcode16_7	intergenic	AAGBNVNBNTGGA	2.7e-11
SQK-NBD114-24_barcode16_7	intergenic	GAAGSCCGSNSCTC	7.7e-06
SQK-NBD114-24_barcode16_7	gene	NVNBSGAWTCSVNBN	0.0
SQK-NBD114-24_barcode16_7	gene	GAAGVSSNNVTGGA	8.5e-66
SQK-NBD114-24_barcode16_7	gene	AAGSBVNSVBCTC	6e-44
SQK-NBD114-24_barcode16_6	intergenic	DHDHWGATCNNNHKN	5.1e-321
SQK-NBD114-24_barcode16_6	intergenic	NNNNDCCWGGHNNNN	3.8e-85
SQK-NBD114-24_barcode16_6	intergenic	ATCDDYDHHGTC	8.3e-37
SQK-NBD114-24_barcode16_6	intergenic	CYAAYWNNDCTT	1.1e-25
SQK-NBD114-24_barcode16_6	intergenic	WHNNDCTCGAGHNNDW	0.00019
SQK-NBD114-24_barcode16_6	gene	VAHGATCVMDNNNNN	0.0
SQK-NBD114-24_barcode16_6	gene	NNNNNCCWGGNNNNN	0.0
SQK-NBD114-24_barcode16_6	gene	HATCDNNNNHGTC	4.6e-124
SQK-NBD114-24_barcode16_6	gene	NCYAAYDBBKCTTBN	3.9e-63
SQK-NBD114-24_barcode16_6	gene	MCTCGAGHRADBNHD	8.8e-15
SQK-NBD114-24_barcode16_4	intergenic	AYGTCCACNN	5.1e-35
SQK-NBD114-24_barcode16_4	intergenic	VCTGGGCCDN	2e-11
SQK-NBD114-24_barcode16_4	intergenic	DTTAYDVNNNNTCTS	4.5e-09
SQK-NBD114-24_barcode16_4	intergenic	CCCTTGCCG	0.015
SQK-NBD114-24_barcode16_4	intergenic	GACAATAC	0.021
SQK-NBD114-24_barcode16_4	gene	NYGTSSACRN	2.2e-129
SQK-NBD114-24_barcode16_4	gene	CHGGCCCAGSNBNNB	1e-97
SQK-NBD114-24_barcode16_4	gene	GATSNNVNBSRTGCC	1e-83
SQK-NBD114-24_barcode16_4	gene	NCGVCGACGTCGBCGN	3e-75
SQK-NBD114-24_barcode16_4	gene	AGAWYVNSVRTAA	9e-36
SQK-NBD114-24_barcode16_4	gene	NNNSNGGATCCNSNNN	2.5e-31
SQK-NBD114-24_barcode16_4	gene	CAACGTCC	0.0019
SQK-NBD114-24_barcode16_4	gene	ACTCGCAGTGTC	0.0028
SQK-NBD114-24_barcode16_4	gene	CGACGTCC	0.012
SQK-NBD114-24_barcode16_4	gene	CACCGATCTCAKCCA	0.046
SQK-NBD114-24_barcode16_10	intergenic	CCAGGVNDNN	1.6e-142
SQK-NBD114-24_barcode16_10	intergenic	NNNNNGAWTCNNNNN	2.6e-97
SQK-NBD114-24_barcode16_10	intergenic	GAGRNNNNVATGA	8.3e-50
SQK-NBD114-24_barcode16_10	intergenic	CCAGHDVMYSGTCR	3.3e-14
SQK-NBD114-24_barcode16_10	gene	NNNNNCCWGGNNNNN	0.0
SQK-NBD114-24_barcode16_10	gene	NNNBNGAWTCNVNNN	5.1e-279
SQK-NBD114-24_barcode16_10	gene	CCAGHWBVHBGTCR	4.4e-124
SQK-NBD114-24_barcode16_10	gene	CGAGGNBRNSRTGA	8.4e-60
SQK-NBD114-24_barcode16_1	intergenic	NNNSSGANTCSSNNN	3.9e-101
SQK-NBD114-24_barcode16_1	intergenic	MGGAVDKSVNTTCGN	1.4e-23
SQK-NBD114-24_barcode16_1	intergenic	STYGTCGACSGSRWG	0.059
SQK-NBD114-24_barcode16_1	gene	BSGAWTCSV	1.8e-216
SQK-NBD114-24_barcode16_1	gene	HSSYBGTCGACVRSSD	8.2e-93
SQK-NBD114-24_barcode16_1	gene	CGAANNSSBNTCC	5.2e-72
SQK-NBD114-24_barcode15_2	intergenic	WGGAGGWDWWNWWNN	5.7e-18
SQK-NBD114-24_barcode15_2	gene	WGGAGGWDHWDNWDN	2.2e-291
SQK-NBD114-24_barcode15_1	intergenic	NTTAYNSNNNNTCT	5.4e-23
SQK-NBD114-24_barcode15_1	intergenic	DVHGGATCCDBH	1e-17
SQK-NBD114-24_barcode15_1	intergenic	NNNNNGTSSACNNNNN	1.5e-15
SQK-NBD114-24_barcode15_1	intergenic	HGGCCCAGSNBK	4.4e-09
SQK-NBD114-24_barcode15_1	intergenic	MACAACATMGATCM	0.00079
SQK-NBD114-24_barcode15_1	intergenic	GAAGTCCGAMMGTC	0.089
SQK-NBD114-24_barcode15_1	gene	NBGTSSACVN	3.8e-114
SQK-NBD114-24_barcode15_1	gene	NNNSNGGATCCNSNNN	1.6e-90
SQK-NBD114-24_barcode15_1	gene	CHGGCCCAGNNNNNB	3.9e-90
SQK-NBD114-24_barcode15_1	gene	GATSNBSNBSRTGC	9e-61
SQK-NBD114-24_barcode15_1	gene	AGAWHVNSVRTAA	8.3e-41
SQK-NBD114-24_barcode15_1	gene	SGWAYBSNNNNNRTC	6.5e-36
SQK-NBD114-24_barcode15_1	gene	YGVCGACGTCGBCR	4.5e-34
SQK-NBD114-24_barcode14_2	intergenic	CCTCCHDWWNHWDT	4.5e-17
SQK-NBD114-24_barcode14_2	gene	DHWCCTCCWNHWWHW	7.8e-285
SQK-NBD114-24_barcode14_1	intergenic	NTTAYNSNNNNTCTB	2.2e-31
SQK-NBD114-24_barcode14_1	intergenic	DSHGGATCCDSH	6.1e-30
SQK-NBD114-24_barcode14_1	intergenic	NNYGTCCACNNNND	1.7e-29
SQK-NBD114-24_barcode14_1	intergenic	HGGCCCAGSNNDNNV	2.9e-09
SQK-NBD114-24_barcode14_1	intergenic	GACGTCGSCGK	0.011
SQK-NBD114-24_barcode14_1	intergenic	CAACGTCCAKGAKCG	0.099
SQK-NBD114-24_barcode14_1	gene	BVNBGTSSACVNBV	1.2e-171
SQK-NBD114-24_barcode14_1	gene	NNNSNGGATCCNSNNN	1.9e-117
SQK-NBD114-24_barcode14_1	gene	CHGGCCCAGVNNNNB	2.1e-110
SQK-NBD114-24_barcode14_1	gene	SGGCAYSVNBVNSAT	2.7e-88
SQK-NBD114-24_barcode14_1	gene	BCGVCGACGTCGBCGV	1.4e-49
SQK-NBD114-24_barcode14_1	gene	AGAWHVNSVRTAAN	1.2e-35
SQK-NBD114-24_barcode14_1	gene	BGATCDGSDNSRTGC	2e-07
SQK-NBD114-24_barcode14_1	gene	GAASNSSCRBYGTC	2.6e-05
SQK-NBD114-24_barcode14_1	gene	GATGNNVNBSRT	0.0011
SQK-NBD114-24_barcode14_1	gene	CCGACGTGGCC	0.0067
SQK-NBD114-24_barcode14_1	gene	GACGGACCACKT	0.09
SQK-NBD114-24_barcode13_2	intergenic	DGGAGGWDWWNHWDN	1.8e-14
SQK-NBD114-24_barcode13_2	gene	WCCTCCWNHWDHWDH	1.1e-286
SQK-NBD114-24_barcode13_1	intergenic	MNSYGGATCCRSNK	7.2e-33
SQK-NBD114-24_barcode13_1	intergenic	NNNNNGTSSACNNNNN	4.6e-25
SQK-NBD114-24_barcode13_1	intergenic	AGANNNNSNRTAA	6.5e-23
SQK-NBD114-24_barcode13_1	intergenic	HGGCCCAGSNBN	1.7e-12
SQK-NBD114-24_barcode13_1	gene	NBGTSSACVN	2.4e-141
SQK-NBD114-24_barcode13_1	gene	HGGCCCAGVNNNNBV	6.9e-138
SQK-NBD114-24_barcode13_1	gene	GATSNBSNBSRTGC	4.4e-120
SQK-NBD114-24_barcode13_1	gene	NNNSNGGATCCNSNNN	5.4e-112
SQK-NBD114-24_barcode13_1	gene	AGAWHVNSVRTAAN	4.7e-45
SQK-NBD114-24_barcode13_1	gene	CGVCGACGTCGBCG	9.8e-37
SQK-NBD114-24_barcode13_1	gene	GAAVNBSNNBHGTC	7.8e-09
SQK-NBD114-24_barcode12_2	intergenic	BGATTCSBNNNNNN	3.3e-117
SQK-NBD114-24_barcode12_2	intergenic	AAGBHNNBNTGGA	8.7e-16
SQK-NBD114-24_barcode12_2	intergenic	AAGCCTWYKCCTC	0.0011
SQK-NBD114-24_barcode12_2	intergenic	GAAGCGSCKMACTC	0.098
SQK-NBD114-24_barcode12_2	intergenic	AGCAACAAGCTC	0.098
SQK-NBD114-24_barcode12_2	intergenic	AAGAAATSWSCTC	0.098
SQK-NBD114-24_barcode12_2	gene	NVNBSGAWTCSVNBN	0.0
SQK-NBD114-24_barcode12_2	gene	TCCABVNSSBCTTCV	3e-94
SQK-NBD114-24_barcode12_2	gene	AAGVCVNSVBCTC	1.3e-44
SQK-NBD114-24_barcode12_1	intergenic	HWCCTCCHNWWWHW	1.2e-17
SQK-NBD114-24_barcode12_1	gene	AAACCTCCAATWAAW	4.9e-288
SQK-NBD114-24_barcode11_3	intergenic	DGGAGGWDWWNWWDH	1.4e-17
SQK-NBD114-24_barcode11_3	gene	WCCTCCWNHWDHWDH	5.1e-289
SQK-NBD114-24_barcode11_1	intergenic	BGATTCSNNNNNNN	9.7e-62
SQK-NBD114-24_barcode11_1	intergenic	TCCACSKCWCCTTYK	0.058
SQK-NBD114-24_barcode11_1	gene	VNBSGAWTCSVNB	2.2e-246
SQK-NBD114-24_barcode11_1	gene	TCCABNNSSNCTTCV	4.6e-50
SQK-NBD114-24_barcode11_1	gene	GAAGVSSHSVBCTC	4.7e-19
SQK-NBD114-24_barcode10_3	intergenic	WHDGGAGGWWWWHWW	5.2e-17
SQK-NBD114-24_barcode10_3	gene	NHWCCTCCWDHWNHW	5.1e-290
SQK-NBD114-24_barcode10_1	intergenic	GATTCSNNNNNNN	1.1e-120
SQK-NBD114-24_barcode10_1	intergenic	GAAGSSGSNANCTC	1.5e-15
SQK-NBD114-24_barcode10_1	intergenic	TCCANVNBNVCTTB	1.4e-12
SQK-NBD114-24_barcode10_1	intergenic	CCTATAGG	0.08
SQK-NBD114-24_barcode10_1	gene	NNNBSGAWTCSVNNN	0.0
SQK-NBD114-24_barcode10_1	gene	TCCABVNSSBCTTCV	1.9e-85
SQK-NBD114-24_barcode10_1	gene	AAGVSVNSVBCTC	7e-44
SQK-NBD114-24_barcode09_2	intergenic	NNNGAWTCNNN	5e-39
SQK-NBD114-24_barcode09_2	intergenic	NNNNCCWGGNNNN	3.3e-38
SQK-NBD114-24_barcode09_2	intergenic	AGGAGRHNNWMATGA	0.019
SQK-NBD114-24_barcode09_2	intergenic	AGACCAAGGTCTGGG	0.067
SQK-NBD114-24_barcode09_2	intergenic	AGAGCGCGCGATGA	0.067
SQK-NBD114-24_barcode09_2	gene	CCAGGNNNNNNNN	1.8e-271
SQK-NBD114-24_barcode09_2	gene	NNNSNGAWTCNSNNN	6.2e-106
SQK-NBD114-24_barcode09_2	gene	CCAGHWNVHBGTCR	2.2e-35
SQK-NBD114-24_barcode09_2	gene	GAGRNVNNNRTGA	2.3e-14
SQK-NBD114-24_barcode09_1	intergenic	HWCCTCCHNWWWHW	1.2e-16
SQK-NBD114-24_barcode09_1	gene	DHWGGAGGWDHWDNW	2.1e-291
SQK-NBD114-24_barcode08_2	intergenic	NNNCCWGGNNN	1.3e-149
SQK-NBD114-24_barcode08_2	intergenic	NNNNNGAWTCNNNNN	1.2e-112
SQK-NBD114-24_barcode08_2	intergenic	GGAGGNNVNVATGA	7.1e-40
SQK-NBD114-24_barcode08_2	intergenic	CCAGHNMHHBGTC	1.3e-06
SQK-NBD114-24_barcode08_2	intergenic	CCAGAASGAVGTCA	0.022
SQK-NBD114-24_barcode08_2	intergenic	AAAGAGTA	0.022
SQK-NBD114-24_barcode08_2	gene	CCAGGNNNNNVNS	0.0
SQK-NBD114-24_barcode08_2	gene	NNNNNGAWTCNNNNN	1.7e-263
SQK-NBD114-24_barcode08_2	gene	CCAGYKBVHBGTCV	2.4e-49
SQK-NBD114-24_barcode08_2	gene	GAGSNNNNSRTGA	1.1e-44
SQK-NBD114-24_barcode08_2	gene	CCAGGCGGCATCG	0.03
SQK-NBD114-24_barcode08_1	intergenic	DGGAGGWDWWHHWNN	2.8e-17
SQK-NBD114-24_barcode08_1	gene	WCCTCCWNHWDHWDH	5.1e-289
SQK-NBD114-24_barcode07_2	intergenic	NNNCCWGGNNN	6.9e-146
SQK-NBD114-24_barcode07_2	intergenic	NNNNNGAWTCNNNNN	6.3e-108
SQK-NBD114-24_barcode07_2	intergenic	GGAGRNNNNNATGA	3.7e-31
SQK-NBD114-24_barcode07_2	intergenic	CCAGHNMNYBGTC	4.2e-16
SQK-NBD114-24_barcode07_2	gene	NNNNNCCWGGNNNNN	0.0
SQK-NBD114-24_barcode07_2	gene	NNNSNGAWTCNSNNN	4.1e-255
SQK-NBD114-24_barcode07_2	gene	CCAGHWBVNBGTCR	2.3e-89
SQK-NBD114-24_barcode07_2	gene	SGAGGNSNNSRTGA	8.2e-52
SQK-NBD114-24_barcode07_1	intergenic	HDGGAGGWDWWHHWD	4.3e-18
SQK-NBD114-24_barcode07_1	gene	WCCTCCWNHWNHWDH	1.8e-293
SQK-NBD114-24_barcode06_3	gene	WCCWCCWNNWHN	4.4e-17
SQK-NBD114-24_barcode06_2	intergenic	RHWDWGATCRVNHHN	8.3e-158
SQK-NBD114-24_barcode06_2	intergenic	CATCWHHDNGCT	1.1e-06
SQK-NBD114-24_barcode06_2	intergenic	KCAATGCGCTRTTG	0.0015
SQK-NBD114-24_barcode06_2	gene	NNNNNGATCNNNNN	0.0
SQK-NBD114-24_barcode06_2	gene	CATCDNNNHGCTB	8.3e-43
SQK-NBD114-24_barcode06_2	gene	BCAAYDNNNHRTTGV	3.2e-19
SQK-NBD114-24_barcode06_2	gene	NGAYDNNNNRTTCA	2.7e-17
SQK-NBD114-24_barcode06_2	gene	CGHTAHHDNHDHGTC	1.1e-09
SQK-NBD114-24_barcode06_2	gene	DCGRAGTACTYCGH	5.6e-05
SQK-NBD114-24_barcode06_1	intergenic	WGGAGGHWWWHHWWH	5.2e-18
SQK-NBD114-24_barcode06_1	gene	HWCCTCCWDHWNHWD	1.2e-276
SQK-NBD114-24_barcode05_3	intergenic	NDGGAGGWDWWNH	1.4e-16
SQK-NBD114-24_barcode05_3	gene	WCCTCCWDHWNHWDH	5e-277
SQK-NBD114-24_barcode05_2	gene	WCCWCCWNNWHHWDN	5.2e-19
SQK-NBD114-24_barcode05_1	intergenic	WHNHGATCDNDW	8.5e-28
SQK-NBD114-24_barcode05_1	gene	NNNNNGATCNNNNN	2.3e-109
SQK-NBD114-24_barcode05_1	gene	AGCWTRRTGATG	0.025
SQK-NBD114-24_barcode04_1	intergenic	WWCCTCCHNWWWHWW	1.2e-17
SQK-NBD114-24_barcode04_1	gene	WCCTCCWNHWNHWDH	1.3e-270
SQK-NBD114-24_barcode04_1	gene	CTATTCTGC	0.077
SQK-NBD114-24_barcode03_1	intergenic	DGGAGGWDWWHWWWH	7.9e-18
SQK-NBD114-24_barcode03_1	gene	WCCTCCWNHWDHWDH	1.1e-286
SQK-NBD114-24_barcode02_1	intergenic	DGGAGGWWWWNWWWH	5.2e-17
SQK-NBD114-24_barcode02_1	gene	WGGAGGWDNWDHWDN	6.4e-286
SQK-NBD114-24_barcode01_1	intergenic	GGAGGWDWWHWWWN	1e-17
SQK-NBD114-24_barcode01_1	gene	WGGAGGWDNWDHWDN	8.3e-290
