assembly_name	average_genome_cov	BMC Sample ID	Sample name	rep	bam_filename	bam_fpath	bin_id	bin_contig_num	bin_length	bin_fpath	Name	Completeness	Contamination	Contig_N50	Average_Gene_Length	Genome_Size	GC_Content	Total_Coding_Sequences	kingdom	phylum	class	order	family	genus	species
SQK-NBD114-24_barcode01_1	2358.7279235701058	1	MED4ax 	A	SQK-NBD114-24_barcode01	/orcd/data/chisholm/001/chisholmlab/experiment_repository/2024/240730Chi/PseudoID-24/20240805_1712_1B_PAW59116_2cfaf0b1/demux_modified_basecall/SQK-NBD114-24_barcode01.bam	1	1	1685624	/nobackup1b/users/chisholmlab/nvo/24_allison_methylation/Nanopore/GenomeAssembly-Snakemake/metabat_binning/bins/SQK-NBD114-24_barcode01/SQK-NBD114-24_barcode01.1.fa	SQK-NBD114-24_barcode01.1	99.99	0.04	1657990	259.29974025974025	1657990	0.31	1925	Bacteria	Cyanobacteriota	Cyanobacteriia	PCC-6307	Cyanobiaceae	Prochlorococcus_A	Prochlorococcus_A pastoris
SQK-NBD114-24_barcode02_1	3188.4075725335224	2	MED4ax 	B	SQK-NBD114-24_barcode02	/orcd/data/chisholm/001/chisholmlab/experiment_repository/2024/240730Chi/PseudoID-24/20240805_1712_1B_PAW59116_2cfaf0b1/demux_modified_basecall/SQK-NBD114-24_barcode02.bam	1	1	1685626	/nobackup1b/users/chisholmlab/nvo/24_allison_methylation/Nanopore/GenomeAssembly-Snakemake/metabat_binning/bins/SQK-NBD114-24_barcode02/SQK-NBD114-24_barcode02.1.fa	SQK-NBD114-24_barcode02.1	99.99	0.03	1657992	259.3288311688312	1657992	0.31	1925	Bacteria	Cyanobacteriota	Cyanobacteriia	PCC-6307	Cyanobiaceae	Prochlorococcus_A	Prochlorococcus_A pastoris
SQK-NBD114-24_barcode03_1	3695.4043234225496	3	MED4ax 	C	SQK-NBD114-24_barcode03	/orcd/data/chisholm/001/chisholmlab/experiment_repository/2024/240730Chi/PseudoID-24/20240805_1712_1B_PAW59116_2cfaf0b1/demux_modified_basecall/SQK-NBD114-24_barcode03.bam	1	1	1685626	/nobackup1b/users/chisholmlab/nvo/24_allison_methylation/Nanopore/GenomeAssembly-Snakemake/metabat_binning/bins/SQK-NBD114-24_barcode03/SQK-NBD114-24_barcode03.1.fa	SQK-NBD114-24_barcode03.1	99.99	0.03	1657992	259.3064935064935	1657992	0.31	1925	Bacteria	Cyanobacteriota	Cyanobacteriia	PCC-6307	Cyanobiaceae	Prochlorococcus_A	Prochlorococcus_A pastoris
SQK-NBD114-24_barcode04_1	1584.6485976560414	4	MED4ax + A1A	A	SQK-NBD114-24_barcode04	/orcd/data/chisholm/001/chisholmlab/experiment_repository/2024/240730Chi/PseudoID-24/20240805_1712_1B_PAW59116_2cfaf0b1/demux_modified_basecall/SQK-NBD114-24_barcode04.bam	1	39	1656987	/nobackup1b/users/chisholmlab/nvo/24_allison_methylation/Nanopore/GenomeAssembly-Snakemake/metabat_binning/bins/SQK-NBD114-24_barcode04/SQK-NBD114-24_barcode04.1.fa	SQK-NBD114-24_barcode04.1	95.62	3.47	66725	245.04084720121028	1629807	0.31	1983	Bacteria	Cyanobacteriota	Cyanobacteriia	PCC-6307	Cyanobiaceae	Prochlorococcus_A	Prochlorococcus_A pastoris
SQK-NBD114-24_barcode05_2	106.15691804800116	5	MED4ax + A1A	B	SQK-NBD114-24_barcode05	/orcd/data/chisholm/001/chisholmlab/experiment_repository/2024/240730Chi/PseudoID-24/20240805_1712_1B_PAW59116_2cfaf0b1/demux_modified_basecall/SQK-NBD114-24_barcode05.bam	2	58	1879840	/nobackup1b/users/chisholmlab/nvo/24_allison_methylation/Nanopore/GenomeAssembly-Snakemake/metabat_binning/bins/SQK-NBD114-24_barcode05/SQK-NBD114-24_barcode05.2.fa	SQK-NBD114-24_barcode05.2	98.74	2.35	57415	243.3792478477572	1848997	0.35	2207	Bacteria	Cyanobacteriota	Cyanobacteriia	PCC-6307	Cyanobiaceae	Prochlorococcus_B	Prochlorococcus_B marinus_B
SQK-NBD114-24_barcode05_1	37.063631692464305	5	MED4ax + A1A	B	SQK-NBD114-24_barcode05	/orcd/data/chisholm/001/chisholmlab/experiment_repository/2024/240730Chi/PseudoID-24/20240805_1712_1B_PAW59116_2cfaf0b1/demux_modified_basecall/SQK-NBD114-24_barcode05.bam	1	317	4196790	/nobackup1b/users/chisholmlab/nvo/24_allison_methylation/Nanopore/GenomeAssembly-Snakemake/metabat_binning/bins/SQK-NBD114-24_barcode05/SQK-NBD114-24_barcode05.1.fa	SQK-NBD114-24_barcode05.1	86.21	2.07	18283	295.9481775353335	4127833	0.45	4033	Bacteria	Pseudomonadota	Gammaproteobacteria	Enterobacterales	Alteromonadaceae	Alteromonas	Alteromonas macleodii
SQK-NBD114-24_barcode05_3	3487.1423821267813	5	MED4ax + A1A	B	SQK-NBD114-24_barcode05	/orcd/data/chisholm/001/chisholmlab/experiment_repository/2024/240730Chi/PseudoID-24/20240805_1712_1B_PAW59116_2cfaf0b1/demux_modified_basecall/SQK-NBD114-24_barcode05.bam	3	1	1685623	/nobackup1b/users/chisholmlab/nvo/24_allison_methylation/Nanopore/GenomeAssembly-Snakemake/metabat_binning/bins/SQK-NBD114-24_barcode05/SQK-NBD114-24_barcode05.3.fa	SQK-NBD114-24_barcode05.3	99.99	0.03	1657989	259.1884735202492	1657989	0.31	1926	Bacteria	Cyanobacteriota	Cyanobacteriia	PCC-6307	Cyanobiaceae	Prochlorococcus_A	Prochlorococcus_A pastoris
SQK-NBD114-24_barcode06_2	37.65484155618881	6	MED4ax + A1A	C	SQK-NBD114-24_barcode06	/orcd/data/chisholm/001/chisholmlab/experiment_repository/2024/240730Chi/PseudoID-24/20240805_1712_1B_PAW59116_2cfaf0b1/demux_modified_basecall/SQK-NBD114-24_barcode06.bam	2	261	4440518	/nobackup1b/users/chisholmlab/nvo/24_allison_methylation/Nanopore/GenomeAssembly-Snakemake/metabat_binning/bins/SQK-NBD114-24_barcode06/SQK-NBD114-24_barcode06.2.fa	SQK-NBD114-24_barcode06.2	99.69	1.84	25026	311.7612601525966	4367593	0.45	4063	Bacteria	Pseudomonadota	Gammaproteobacteria	Enterobacterales	Alteromonadaceae	Alteromonas	Alteromonas macleodii
SQK-NBD114-24_barcode06_1	3063.8007673141774	6	MED4ax + A1A	C	SQK-NBD114-24_barcode06	/orcd/data/chisholm/001/chisholmlab/experiment_repository/2024/240730Chi/PseudoID-24/20240805_1712_1B_PAW59116_2cfaf0b1/demux_modified_basecall/SQK-NBD114-24_barcode06.bam	1	1	1685625	/nobackup1b/users/chisholmlab/nvo/24_allison_methylation/Nanopore/GenomeAssembly-Snakemake/metabat_binning/bins/SQK-NBD114-24_barcode06/SQK-NBD114-24_barcode06.1.fa	SQK-NBD114-24_barcode06.1	99.99	0.03	1657991	259.53978159126365	1657991	0.31	1923	Bacteria	Cyanobacteriota	Cyanobacteriia	PCC-6307	Cyanobiaceae	Prochlorococcus_A	Prochlorococcus_A pastoris
SQK-NBD114-24_barcode06_3	98.28958550609507	6	MED4ax + A1A	C	SQK-NBD114-24_barcode06	/orcd/data/chisholm/001/chisholmlab/experiment_repository/2024/240730Chi/PseudoID-24/20240805_1712_1B_PAW59116_2cfaf0b1/demux_modified_basecall/SQK-NBD114-24_barcode06.bam	3	57	1914579	/nobackup1b/users/chisholmlab/nvo/24_allison_methylation/Nanopore/GenomeAssembly-Snakemake/metabat_binning/bins/SQK-NBD114-24_barcode06/SQK-NBD114-24_barcode06.3.fa	SQK-NBD114-24_barcode06.3	99.55	3.5	87358	243.3027195720018	1883164	0.35	2243	Bacteria	Cyanobacteriota	Cyanobacteriia	PCC-6307	Cyanobiaceae	Prochlorococcus_B	Prochlorococcus_B marinus_B
SQK-NBD114-24_barcode07_2	102.24689222027705	7	MED4ax + 1907	A	SQK-NBD114-24_barcode07	/orcd/data/chisholm/001/chisholmlab/experiment_repository/2024/240730Chi/PseudoID-24/20240805_1712_1B_PAW59116_2cfaf0b1/demux_modified_basecall/SQK-NBD114-24_barcode07.bam	2	1	4908349	/nobackup1b/users/chisholmlab/nvo/24_allison_methylation/Nanopore/GenomeAssembly-Snakemake/metabat_binning/bins/SQK-NBD114-24_barcode07/SQK-NBD114-24_barcode07.2.fa	SQK-NBD114-24_barcode07.2	100.0	0.0	4827884	321.62098404852844	4827884	0.55	4451	Bacteria	Pseudomonadota	Alphaproteobacteria	Rhodospirillales_A	Thalassospiraceae	Thalassospira	Thalassospira xiamenensis
SQK-NBD114-24_barcode07_1	3584.6330591462442	7	MED4ax + 1907	A	SQK-NBD114-24_barcode07	/orcd/data/chisholm/001/chisholmlab/experiment_repository/2024/240730Chi/PseudoID-24/20240805_1712_1B_PAW59116_2cfaf0b1/demux_modified_basecall/SQK-NBD114-24_barcode07.bam	1	1	1685626	/nobackup1b/users/chisholmlab/nvo/24_allison_methylation/Nanopore/GenomeAssembly-Snakemake/metabat_binning/bins/SQK-NBD114-24_barcode07/SQK-NBD114-24_barcode07.1.fa	SQK-NBD114-24_barcode07.1	99.98	0.03	1657992	259.4428274428274	1657992	0.31	1924	Bacteria	Cyanobacteriota	Cyanobacteriia	PCC-6307	Cyanobiaceae	Prochlorococcus_A	Prochlorococcus_A pastoris
SQK-NBD114-24_barcode08_2	55.019468757463144	8	MED4ax + 1907	B	SQK-NBD114-24_barcode08	/orcd/data/chisholm/001/chisholmlab/experiment_repository/2024/240730Chi/PseudoID-24/20240805_1712_1B_PAW59116_2cfaf0b1/demux_modified_basecall/SQK-NBD114-24_barcode08.bam	2	1	4908354	/nobackup1b/users/chisholmlab/nvo/24_allison_methylation/Nanopore/GenomeAssembly-Snakemake/metabat_binning/bins/SQK-NBD114-24_barcode08/SQK-NBD114-24_barcode08.2.fa	SQK-NBD114-24_barcode08.2	100.0	0.0	4827889	321.6041339024938	4827889	0.55	4451	Bacteria	Pseudomonadota	Alphaproteobacteria	Rhodospirillales_A	Thalassospiraceae	Thalassospira	Thalassospira xiamenensis
SQK-NBD114-24_barcode08_1	1924.4053930328935	8	MED4ax + 1907	B	SQK-NBD114-24_barcode08	/orcd/data/chisholm/001/chisholmlab/experiment_repository/2024/240730Chi/PseudoID-24/20240805_1712_1B_PAW59116_2cfaf0b1/demux_modified_basecall/SQK-NBD114-24_barcode08.bam	1	1	1685625	/nobackup1b/users/chisholmlab/nvo/24_allison_methylation/Nanopore/GenomeAssembly-Snakemake/metabat_binning/bins/SQK-NBD114-24_barcode08/SQK-NBD114-24_barcode08.1.fa	SQK-NBD114-24_barcode08.1	99.98	0.03	1657991	259.0612350804359	1657991	0.31	1927	Bacteria	Cyanobacteriota	Cyanobacteriia	PCC-6307	Cyanobiaceae	Prochlorococcus_A	Prochlorococcus_A pastoris
SQK-NBD114-24_barcode09_2	16.352903951813154	9	MED4ax + 1907	C	SQK-NBD114-24_barcode09	/orcd/data/chisholm/001/chisholmlab/experiment_repository/2024/240730Chi/PseudoID-24/20240805_1712_1B_PAW59116_2cfaf0b1/demux_modified_basecall/SQK-NBD114-24_barcode09.bam	2	8	4919313	/nobackup1b/users/chisholmlab/nvo/24_allison_methylation/Nanopore/GenomeAssembly-Snakemake/metabat_binning/bins/SQK-NBD114-24_barcode09/SQK-NBD114-24_barcode09.2.fa	SQK-NBD114-24_barcode09.2	100.0	0.0	1337981	320.86757786242435	4838665	0.55	4463	Bacteria	Pseudomonadota	Alphaproteobacteria	Rhodospirillales_A	Thalassospiraceae	Thalassospira	Thalassospira xiamenensis
SQK-NBD114-24_barcode09_1	753.0998623636302	9	MED4ax + 1907	C	SQK-NBD114-24_barcode09	/orcd/data/chisholm/001/chisholmlab/experiment_repository/2024/240730Chi/PseudoID-24/20240805_1712_1B_PAW59116_2cfaf0b1/demux_modified_basecall/SQK-NBD114-24_barcode09.bam	1	1	1685626	/nobackup1b/users/chisholmlab/nvo/24_allison_methylation/Nanopore/GenomeAssembly-Snakemake/metabat_binning/bins/SQK-NBD114-24_barcode09/SQK-NBD114-24_barcode09.1.fa	SQK-NBD114-24_barcode09.1	99.98	0.03	1657992	259.42931392931393	1657992	0.31	1924	Bacteria	Cyanobacteriota	Cyanobacteriia	PCC-6307	Cyanobiaceae	Prochlorococcus_A	Prochlorococcus_A pastoris
SQK-NBD114-24_barcode10_1	70.48346742791813	10	MED4ax + 1940	A	SQK-NBD114-24_barcode10	/orcd/data/chisholm/001/chisholmlab/experiment_repository/2024/240730Chi/PseudoID-24/20240805_1712_1B_PAW59116_2cfaf0b1/demux_modified_basecall/SQK-NBD114-24_barcode10.bam	1	1	4392971	/nobackup1b/users/chisholmlab/nvo/24_allison_methylation/Nanopore/GenomeAssembly-Snakemake/metabat_binning/bins/SQK-NBD114-24_barcode10/SQK-NBD114-24_barcode10.1.fa	SQK-NBD114-24_barcode10.1	99.26	0.1	4320955	322.8727047146402	4320955	0.61	4030	Bacteria	Pseudomonadota	Alphaproteobacteria	Rhizobiales	Rhizobiaceae	Pseudohoeflea	Pseudohoeflea sp002707605
SQK-NBD114-24_barcode10_3	4271.187400674791	10	MED4ax + 1940	A	SQK-NBD114-24_barcode10	/orcd/data/chisholm/001/chisholmlab/experiment_repository/2024/240730Chi/PseudoID-24/20240805_1712_1B_PAW59116_2cfaf0b1/demux_modified_basecall/SQK-NBD114-24_barcode10.bam	3	1	1679301	/nobackup1b/users/chisholmlab/nvo/24_allison_methylation/Nanopore/GenomeAssembly-Snakemake/metabat_binning/bins/SQK-NBD114-24_barcode10/SQK-NBD114-24_barcode10.3.fa	SQK-NBD114-24_barcode10.3	99.98	0.03	1651771	259.12402292860867	1651771	0.31	1919	Bacteria	Cyanobacteriota	Cyanobacteriia	PCC-6307	Cyanobiaceae	Prochlorococcus_A	Prochlorococcus_A pastoris
SQK-NBD114-24_barcode11_3	1742.037866912426	11	MED4ax + 1940	B	SQK-NBD114-24_barcode11	/orcd/data/chisholm/001/chisholmlab/experiment_repository/2024/240730Chi/PseudoID-24/20240805_1712_1B_PAW59116_2cfaf0b1/demux_modified_basecall/SQK-NBD114-24_barcode11.bam	3	1	1685625	/nobackup1b/users/chisholmlab/nvo/24_allison_methylation/Nanopore/GenomeAssembly-Snakemake/metabat_binning/bins/SQK-NBD114-24_barcode11/SQK-NBD114-24_barcode11.3.fa	SQK-NBD114-24_barcode11.3	99.98	0.03	1657991	259.4121621621622	1657991	0.31	1924	Bacteria	Cyanobacteriota	Cyanobacteriia	PCC-6307	Cyanobiaceae	Prochlorococcus_A	Prochlorococcus_A pastoris
SQK-NBD114-24_barcode11_1	20.305937818640903	11	MED4ax + 1940	B	SQK-NBD114-24_barcode11	/orcd/data/chisholm/001/chisholmlab/experiment_repository/2024/240730Chi/PseudoID-24/20240805_1712_1B_PAW59116_2cfaf0b1/demux_modified_basecall/SQK-NBD114-24_barcode11.bam	1	1	4396097	/nobackup1b/users/chisholmlab/nvo/24_allison_methylation/Nanopore/GenomeAssembly-Snakemake/metabat_binning/bins/SQK-NBD114-24_barcode11/SQK-NBD114-24_barcode11.1.fa	SQK-NBD114-24_barcode11.1	96.6	0.19	4324029	321.4985185185185	4324029	0.61	4050	Bacteria	Pseudomonadota	Alphaproteobacteria	Rhizobiales	Rhizobiaceae	Pseudohoeflea	Pseudohoeflea sp002707605
SQK-NBD114-24_barcode12_2	28.685405683794972	12	MED4ax + 1940	C	SQK-NBD114-24_barcode12	/orcd/data/chisholm/001/chisholmlab/experiment_repository/2024/240730Chi/PseudoID-24/20240805_1712_1B_PAW59116_2cfaf0b1/demux_modified_basecall/SQK-NBD114-24_barcode12.bam	2	3	4599493	/nobackup1b/users/chisholmlab/nvo/24_allison_methylation/Nanopore/GenomeAssembly-Snakemake/metabat_binning/bins/SQK-NBD114-24_barcode12/SQK-NBD114-24_barcode12.2.fa	SQK-NBD114-24_barcode12.2	98.74	0.33	4083470	319.51977401129943	4524090	0.61	4248	Bacteria	Pseudomonadota	Alphaproteobacteria	Rhizobiales	Rhizobiaceae	Pseudohoeflea	Pseudohoeflea sp002707605
SQK-NBD114-24_barcode12_1	2583.989686910054	12	MED4ax + 1940	C	SQK-NBD114-24_barcode12	/orcd/data/chisholm/001/chisholmlab/experiment_repository/2024/240730Chi/PseudoID-24/20240805_1712_1B_PAW59116_2cfaf0b1/demux_modified_basecall/SQK-NBD114-24_barcode12.bam	1	1	1685624	/nobackup1b/users/chisholmlab/nvo/24_allison_methylation/Nanopore/GenomeAssembly-Snakemake/metabat_binning/bins/SQK-NBD114-24_barcode12/SQK-NBD114-24_barcode12.1.fa	SQK-NBD114-24_barcode12.1	99.98	0.03	1657990	259.4116424116424	1657990	0.31	1924	Bacteria	Cyanobacteriota	Cyanobacteriia	PCC-6307	Cyanobiaceae	Prochlorococcus_A	Prochlorococcus_A pastoris
SQK-NBD114-24_barcode13_1	44.22967773823276	13	MED4ax + 1943	A	SQK-NBD114-24_barcode13	/orcd/data/chisholm/001/chisholmlab/experiment_repository/2024/240730Chi/PseudoID-24/20240805_1712_1B_PAW59116_2cfaf0b1/demux_modified_basecall/SQK-NBD114-24_barcode13.bam	1	2	4887299	/nobackup1b/users/chisholmlab/nvo/24_allison_methylation/Nanopore/GenomeAssembly-Snakemake/metabat_binning/bins/SQK-NBD114-24_barcode13/SQK-NBD114-24_barcode13.1.fa	SQK-NBD114-24_barcode13.1	100.0	0.09	3395205	330.9334997730368	4807179	0.57	4406	Bacteria	Pseudomonadota	Gammaproteobacteria	Pseudomonadales	Oleiphilaceae	Marinobacter	Marinobacter sp002726615
SQK-NBD114-24_barcode13_2	3512.757442591667	13	MED4ax + 1943	A	SQK-NBD114-24_barcode13	/orcd/data/chisholm/001/chisholmlab/experiment_repository/2024/240730Chi/PseudoID-24/20240805_1712_1B_PAW59116_2cfaf0b1/demux_modified_basecall/SQK-NBD114-24_barcode13.bam	2	1	1685625	/nobackup1b/users/chisholmlab/nvo/24_allison_methylation/Nanopore/GenomeAssembly-Snakemake/metabat_binning/bins/SQK-NBD114-24_barcode13/SQK-NBD114-24_barcode13.2.fa	SQK-NBD114-24_barcode13.2	99.98	0.03	1657991	259.31116883116886	1657991	0.31	1925	Bacteria	Cyanobacteriota	Cyanobacteriia	PCC-6307	Cyanobiaceae	Prochlorococcus_A	Prochlorococcus_A pastoris
SQK-NBD114-24_barcode14_2	4350.198625807603	14	MED4ax + 1943	B	SQK-NBD114-24_barcode14	/orcd/data/chisholm/001/chisholmlab/experiment_repository/2024/240730Chi/PseudoID-24/20240805_1712_1B_PAW59116_2cfaf0b1/demux_modified_basecall/SQK-NBD114-24_barcode14.bam	2	1	1685626	/nobackup1b/users/chisholmlab/nvo/24_allison_methylation/Nanopore/GenomeAssembly-Snakemake/metabat_binning/bins/SQK-NBD114-24_barcode14/SQK-NBD114-24_barcode14.2.fa	SQK-NBD114-24_barcode14.2	99.98	0.03	1657992	259.4246361746362	1657992	0.31	1924	Bacteria	Cyanobacteriota	Cyanobacteriia	PCC-6307	Cyanobiaceae	Prochlorococcus_A	Prochlorococcus_A pastoris
SQK-NBD114-24_barcode14_1	48.44726396211342	14	MED4ax + 1943	B	SQK-NBD114-24_barcode14	/orcd/data/chisholm/001/chisholmlab/experiment_repository/2024/240730Chi/PseudoID-24/20240805_1712_1B_PAW59116_2cfaf0b1/demux_modified_basecall/SQK-NBD114-24_barcode14.bam	1	5	4879154	/nobackup1b/users/chisholmlab/nvo/24_allison_methylation/Nanopore/GenomeAssembly-Snakemake/metabat_binning/bins/SQK-NBD114-24_barcode14/SQK-NBD114-24_barcode14.1.fa	SQK-NBD114-24_barcode14.1	100.0	0.09	3177865	330.84	4799166	0.57	4400	Bacteria	Pseudomonadota	Gammaproteobacteria	Pseudomonadales	Oleiphilaceae	Marinobacter	Marinobacter sp002726615
SQK-NBD114-24_barcode15_1	26.309161745220756	15	MED4ax + 1943	C	SQK-NBD114-24_barcode15	/orcd/data/chisholm/001/chisholmlab/experiment_repository/2024/240730Chi/PseudoID-24/20240805_1712_1B_PAW59116_2cfaf0b1/demux_modified_basecall/SQK-NBD114-24_barcode15.bam	1	5	4840146	/nobackup1b/users/chisholmlab/nvo/24_allison_methylation/Nanopore/GenomeAssembly-Snakemake/metabat_binning/bins/SQK-NBD114-24_barcode15/SQK-NBD114-24_barcode15.1.fa	SQK-NBD114-24_barcode15.1	99.86	0.13	3177069	331.6306098964327	4760796	0.57	4345	Bacteria	Pseudomonadota	Gammaproteobacteria	Pseudomonadales	Oleiphilaceae	Marinobacter	Marinobacter sp002726615
SQK-NBD114-24_barcode15_2	2167.8192847966516	15	MED4ax + 1943	C	SQK-NBD114-24_barcode15	/orcd/data/chisholm/001/chisholmlab/experiment_repository/2024/240730Chi/PseudoID-24/20240805_1712_1B_PAW59116_2cfaf0b1/demux_modified_basecall/SQK-NBD114-24_barcode15.bam	2	1	1685624	/nobackup1b/users/chisholmlab/nvo/24_allison_methylation/Nanopore/GenomeAssembly-Snakemake/metabat_binning/bins/SQK-NBD114-24_barcode15/SQK-NBD114-24_barcode15.2.fa	SQK-NBD114-24_barcode15.2	99.98	0.03	1657990	259.0752464971458	1657990	0.31	1927	Bacteria	Cyanobacteriota	Cyanobacteriia	PCC-6307	Cyanobiaceae	Prochlorococcus_A	Prochlorococcus_A pastoris
SQK-NBD114-24_barcode16_10	90.94097657619429	16	MED4Xe	A	SQK-NBD114-24_barcode16	/orcd/data/chisholm/001/chisholmlab/experiment_repository/2024/240730Chi/PseudoID-24/20240805_1712_1B_PAW59116_2cfaf0b1/demux_modified_basecall/SQK-NBD114-24_barcode16.bam	10	1	4906812	/nobackup1b/users/chisholmlab/nvo/24_allison_methylation/Nanopore/GenomeAssembly-Snakemake/metabat_binning/bins/SQK-NBD114-24_barcode16/SQK-NBD114-24_barcode16.10.fa	SQK-NBD114-24_barcode16.10	100.0	0.0	4826372	321.3925443521222	4826372	0.55	4453	Bacteria	Pseudomonadota	Alphaproteobacteria	Rhodospirillales_A	Thalassospiraceae	Thalassospira	Thalassospira xiamenensis
SQK-NBD114-24_barcode16_4	31.070704294057055	16	MED4Xe	A	SQK-NBD114-24_barcode16	/orcd/data/chisholm/001/chisholmlab/experiment_repository/2024/240730Chi/PseudoID-24/20240805_1712_1B_PAW59116_2cfaf0b1/demux_modified_basecall/SQK-NBD114-24_barcode16.bam	4	3	4593504	/nobackup1b/users/chisholmlab/nvo/24_allison_methylation/Nanopore/GenomeAssembly-Snakemake/metabat_binning/bins/SQK-NBD114-24_barcode16/SQK-NBD114-24_barcode16.4.fa	SQK-NBD114-24_barcode16.4	94.88	0.14	3174545	331.263145200193	4518198	0.57	4146	Bacteria	Pseudomonadota	Gammaproteobacteria	Pseudomonadales	Oleiphilaceae	Marinobacter	Marinobacter sp002726615
SQK-NBD114-24_barcode16_8	2483.6420752367003	16	MED4Xe	A	SQK-NBD114-24_barcode16	/orcd/data/chisholm/001/chisholmlab/experiment_repository/2024/240730Chi/PseudoID-24/20240805_1712_1B_PAW59116_2cfaf0b1/demux_modified_basecall/SQK-NBD114-24_barcode16.bam	8	1	1687249	/nobackup1b/users/chisholmlab/nvo/24_allison_methylation/Nanopore/GenomeAssembly-Snakemake/metabat_binning/bins/SQK-NBD114-24_barcode16/SQK-NBD114-24_barcode16.8.fa	SQK-NBD114-24_barcode16.8	99.99	0.03	1659589	259.8589276418532	1659589	0.31	1921	Bacteria	Cyanobacteriota	Cyanobacteriia	PCC-6307	Cyanobiaceae	Prochlorococcus_A	Prochlorococcus_A pastoris
SQK-NBD114-24_barcode16_1	93.02583200032387	16	MED4Xe	A	SQK-NBD114-24_barcode16	/orcd/data/chisholm/001/chisholmlab/experiment_repository/2024/240730Chi/PseudoID-24/20240805_1712_1B_PAW59116_2cfaf0b1/demux_modified_basecall/SQK-NBD114-24_barcode16.bam	1	1	3038666	/nobackup1b/users/chisholmlab/nvo/24_allison_methylation/Nanopore/GenomeAssembly-Snakemake/metabat_binning/bins/SQK-NBD114-24_barcode16/SQK-NBD114-24_barcode16.1.fa	SQK-NBD114-24_barcode16.1	100.0	0.06	2988851	316.619674402494	2988851	0.64	2887	Bacteria	Pseudomonadota	Alphaproteobacteria	Sphingomonadales	Sphingomonadaceae	Qipengyuania	Qipengyuania citrea
SQK-NBD114-24_barcode16_6	50.06214836730567	16	MED4Xe	A	SQK-NBD114-24_barcode16	/orcd/data/chisholm/001/chisholmlab/experiment_repository/2024/240730Chi/PseudoID-24/20240805_1712_1B_PAW59116_2cfaf0b1/demux_modified_basecall/SQK-NBD114-24_barcode16.bam	6	4	4962333	/nobackup1b/users/chisholmlab/nvo/24_allison_methylation/Nanopore/GenomeAssembly-Snakemake/metabat_binning/bins/SQK-NBD114-24_barcode16/SQK-NBD114-24_barcode16.6.fa	SQK-NBD114-24_barcode16.6	100.0	0.06	2545759	342.6022509578544	4880981	0.45	4176	Bacteria	Pseudomonadota	Gammaproteobacteria	Enterobacterales	Alteromonadaceae	Alteromonas	Alteromonas macleodii
SQK-NBD114-24_barcode16_7	33.89415791608653	16	MED4Xe	A	SQK-NBD114-24_barcode16	/orcd/data/chisholm/001/chisholmlab/experiment_repository/2024/240730Chi/PseudoID-24/20240805_1712_1B_PAW59116_2cfaf0b1/demux_modified_basecall/SQK-NBD114-24_barcode16.bam	7	1	4393549	/nobackup1b/users/chisholmlab/nvo/24_allison_methylation/Nanopore/GenomeAssembly-Snakemake/metabat_binning/bins/SQK-NBD114-24_barcode16/SQK-NBD114-24_barcode16.7.fa	SQK-NBD114-24_barcode16.7	98.83	0.12	4321523	321.7252040563937	4321523	0.61	4043	Bacteria	Pseudomonadota	Alphaproteobacteria	Rhizobiales	Rhizobiaceae	Pseudohoeflea	Pseudohoeflea sp002707605
SQK-NBD114-24_barcode17_3	40.85230309856337	17	MED4Xe	B	SQK-NBD114-24_barcode17	/orcd/data/chisholm/001/chisholmlab/experiment_repository/2024/240730Chi/PseudoID-24/20240805_1712_1B_PAW59116_2cfaf0b1/demux_modified_basecall/SQK-NBD114-24_barcode17.bam	3	5	4796759	/nobackup1b/users/chisholmlab/nvo/24_allison_methylation/Nanopore/GenomeAssembly-Snakemake/metabat_binning/bins/SQK-NBD114-24_barcode17/SQK-NBD114-24_barcode17.3.fa	SQK-NBD114-24_barcode17.3	100.0	0.03	1309305	341.73807758833703	4718122	0.45	4047	Bacteria	Pseudomonadota	Gammaproteobacteria	Enterobacterales	Alteromonadaceae	Alteromonas	Alteromonas macleodii
SQK-NBD114-24_barcode17_5	2640.4574572891756	17	MED4Xe	B	SQK-NBD114-24_barcode17	/orcd/data/chisholm/001/chisholmlab/experiment_repository/2024/240730Chi/PseudoID-24/20240805_1712_1B_PAW59116_2cfaf0b1/demux_modified_basecall/SQK-NBD114-24_barcode17.bam	5	1	1687251	/nobackup1b/users/chisholmlab/nvo/24_allison_methylation/Nanopore/GenomeAssembly-Snakemake/metabat_binning/bins/SQK-NBD114-24_barcode17/SQK-NBD114-24_barcode17.5.fa	SQK-NBD114-24_barcode17.5	99.98	0.03	1659591	259.50467775467774	1659591	0.31	1924	Bacteria	Cyanobacteriota	Cyanobacteriia	PCC-6307	Cyanobiaceae	Prochlorococcus_A	Prochlorococcus_A pastoris
SQK-NBD114-24_barcode17_4	21.56525627519858	17	MED4Xe	B	SQK-NBD114-24_barcode17	/orcd/data/chisholm/001/chisholmlab/experiment_repository/2024/240730Chi/PseudoID-24/20240805_1712_1B_PAW59116_2cfaf0b1/demux_modified_basecall/SQK-NBD114-24_barcode17.bam	4	3	4881386	/nobackup1b/users/chisholmlab/nvo/24_allison_methylation/Nanopore/GenomeAssembly-Snakemake/metabat_binning/bins/SQK-NBD114-24_barcode17/SQK-NBD114-24_barcode17.4.fa	SQK-NBD114-24_barcode17.4	100.0	0.09	3913196	331.2709471766849	4801362	0.57	4392	Bacteria	Pseudomonadota	Gammaproteobacteria	Pseudomonadales	Oleiphilaceae	Marinobacter	Marinobacter sp002726615
SQK-NBD114-24_barcode17_7	28.254330666351784	17	MED4Xe	B	SQK-NBD114-24_barcode17	/orcd/data/chisholm/001/chisholmlab/experiment_repository/2024/240730Chi/PseudoID-24/20240805_1712_1B_PAW59116_2cfaf0b1/demux_modified_basecall/SQK-NBD114-24_barcode17.bam	7	2	4597714	/nobackup1b/users/chisholmlab/nvo/24_allison_methylation/Nanopore/GenomeAssembly-Snakemake/metabat_binning/bins/SQK-NBD114-24_barcode17/SQK-NBD114-24_barcode17.7.fa	SQK-NBD114-24_barcode17.7	97.98	0.35	4321007	318.52089201877936	4522341	0.61	4260	Bacteria	Pseudomonadota	Alphaproteobacteria	Rhizobiales	Rhizobiaceae	Pseudohoeflea	Pseudohoeflea sp002707605
SQK-NBD114-24_barcode17_6	61.961217190558244	17	MED4Xe	B	SQK-NBD114-24_barcode17	/orcd/data/chisholm/001/chisholmlab/experiment_repository/2024/240730Chi/PseudoID-24/20240805_1712_1B_PAW59116_2cfaf0b1/demux_modified_basecall/SQK-NBD114-24_barcode17.bam	6	1	3038665	/nobackup1b/users/chisholmlab/nvo/24_allison_methylation/Nanopore/GenomeAssembly-Snakemake/metabat_binning/bins/SQK-NBD114-24_barcode17/SQK-NBD114-24_barcode17.6.fa	SQK-NBD114-24_barcode17.6	100.0	0.06	2988850	317.1568355308813	2988850	0.64	2882	Bacteria	Pseudomonadota	Alphaproteobacteria	Sphingomonadales	Sphingomonadaceae	Qipengyuania	Qipengyuania citrea
SQK-NBD114-24_barcode17_1	122.8891262881824	17	MED4Xe	B	SQK-NBD114-24_barcode17	/orcd/data/chisholm/001/chisholmlab/experiment_repository/2024/240730Chi/PseudoID-24/20240805_1712_1B_PAW59116_2cfaf0b1/demux_modified_basecall/SQK-NBD114-24_barcode17.bam	1	1	4906814	/nobackup1b/users/chisholmlab/nvo/24_allison_methylation/Nanopore/GenomeAssembly-Snakemake/metabat_binning/bins/SQK-NBD114-24_barcode17/SQK-NBD114-24_barcode17.1.fa	SQK-NBD114-24_barcode17.1	100.0	0.0	4826374	321.54774208043136	4826374	0.55	4451	Bacteria	Pseudomonadota	Alphaproteobacteria	Rhodospirillales_A	Thalassospiraceae	Thalassospira	Thalassospira xiamenensis
SQK-NBD114-24_barcode18_5	20.597659377576488	18	MED4Xe	C	SQK-NBD114-24_barcode18	/orcd/data/chisholm/001/chisholmlab/experiment_repository/2024/240730Chi/PseudoID-24/20240805_1712_1B_PAW59116_2cfaf0b1/demux_modified_basecall/SQK-NBD114-24_barcode18.bam	5	12	5037341	/nobackup1b/users/chisholmlab/nvo/24_allison_methylation/Nanopore/GenomeAssembly-Snakemake/metabat_binning/bins/SQK-NBD114-24_barcode18/SQK-NBD114-24_barcode18.5.fa	SQK-NBD114-24_barcode18.5	100.0	0.14	2812709	327.99715598337343	4954757	0.57	4571	Bacteria	Pseudomonadota	Gammaproteobacteria	Pseudomonadales	Oleiphilaceae	Marinobacter	Marinobacter sp002726615
SQK-NBD114-24_barcode18_3	40.65037387648641	18	MED4Xe	C	SQK-NBD114-24_barcode18	/orcd/data/chisholm/001/chisholmlab/experiment_repository/2024/240730Chi/PseudoID-24/20240805_1712_1B_PAW59116_2cfaf0b1/demux_modified_basecall/SQK-NBD114-24_barcode18.bam	3	2	4964278	/nobackup1b/users/chisholmlab/nvo/24_allison_methylation/Nanopore/GenomeAssembly-Snakemake/metabat_binning/bins/SQK-NBD114-24_barcode18/SQK-NBD114-24_barcode18.3.fa	SQK-NBD114-24_barcode18.3	100.0	0.06	2900095	342.5478697941599	4882896	0.45	4178	Bacteria	Pseudomonadota	Gammaproteobacteria	Enterobacterales	Alteromonadaceae	Alteromonas	Alteromonas macleodii
SQK-NBD114-24_barcode18_1	2174.290995037916	18	MED4Xe	C	SQK-NBD114-24_barcode18	/orcd/data/chisholm/001/chisholmlab/experiment_repository/2024/240730Chi/PseudoID-24/20240805_1712_1B_PAW59116_2cfaf0b1/demux_modified_basecall/SQK-NBD114-24_barcode18.bam	1	1	1687245	/nobackup1b/users/chisholmlab/nvo/24_allison_methylation/Nanopore/GenomeAssembly-Snakemake/metabat_binning/bins/SQK-NBD114-24_barcode18/SQK-NBD114-24_barcode18.1.fa	SQK-NBD114-24_barcode18.1	99.99	0.03	1659585	259.529106029106	1659585	0.31	1924	Bacteria	Cyanobacteriota	Cyanobacteriia	PCC-6307	Cyanobiaceae	Prochlorococcus_A	Prochlorococcus_A pastoris
SQK-NBD114-24_barcode18_8	102.13037502934401	18	MED4Xe	C	SQK-NBD114-24_barcode18	/orcd/data/chisholm/001/chisholmlab/experiment_repository/2024/240730Chi/PseudoID-24/20240805_1712_1B_PAW59116_2cfaf0b1/demux_modified_basecall/SQK-NBD114-24_barcode18.bam	8	1	4906809	/nobackup1b/users/chisholmlab/nvo/24_allison_methylation/Nanopore/GenomeAssembly-Snakemake/metabat_binning/bins/SQK-NBD114-24_barcode18/SQK-NBD114-24_barcode18.8.fa	SQK-NBD114-24_barcode18.8	100.0	0.0	4826369	321.4752920035939	4826369	0.55	4452	Bacteria	Pseudomonadota	Alphaproteobacteria	Rhodospirillales_A	Thalassospiraceae	Thalassospira	Thalassospira xiamenensis
SQK-NBD114-24_barcode18_4	62.50859812014718	18	MED4Xe	C	SQK-NBD114-24_barcode18	/orcd/data/chisholm/001/chisholmlab/experiment_repository/2024/240730Chi/PseudoID-24/20240805_1712_1B_PAW59116_2cfaf0b1/demux_modified_basecall/SQK-NBD114-24_barcode18.bam	4	1	3038666	/nobackup1b/users/chisholmlab/nvo/24_allison_methylation/Nanopore/GenomeAssembly-Snakemake/metabat_binning/bins/SQK-NBD114-24_barcode18/SQK-NBD114-24_barcode18.4.fa	SQK-NBD114-24_barcode18.4	100.0	0.08	2988851	316.6970537261698	2988851	0.64	2885	Bacteria	Pseudomonadota	Alphaproteobacteria	Sphingomonadales	Sphingomonadaceae	Qipengyuania	Qipengyuania citrea
SQK-NBD114-24_barcode18_2	26.90995908226093	18	MED4Xe	C	SQK-NBD114-24_barcode18	/orcd/data/chisholm/001/chisholmlab/experiment_repository/2024/240730Chi/PseudoID-24/20240805_1712_1B_PAW59116_2cfaf0b1/demux_modified_basecall/SQK-NBD114-24_barcode18.bam	2	2	4597616	/nobackup1b/users/chisholmlab/nvo/24_allison_methylation/Nanopore/GenomeAssembly-Snakemake/metabat_binning/bins/SQK-NBD114-24_barcode18/SQK-NBD114-24_barcode18.2.fa	SQK-NBD114-24_barcode18.2	96.85	0.36	4320986	318.92976274371625	4522244	0.61	4257	Bacteria	Pseudomonadota	Alphaproteobacteria	Rhizobiales	Rhizobiaceae	Pseudohoeflea	Pseudohoeflea sp002707605
SQK-NBD114-24_barcode19_1	1902.7288169898181	19	NATL2Aax	A	SQK-NBD114-24_barcode19	/orcd/data/chisholm/001/chisholmlab/experiment_repository/2024/240730Chi/PseudoID-24/20240805_1712_1B_PAW59116_2cfaf0b1/demux_modified_basecall/SQK-NBD114-24_barcode19.bam	1	1	1873607	/nobackup1b/users/chisholmlab/nvo/24_allison_methylation/Nanopore/GenomeAssembly-Snakemake/metabat_binning/bins/SQK-NBD114-24_barcode19/SQK-NBD114-24_barcode19.1.fa	SQK-NBD114-24_barcode19.1	99.99	0.08	1842892	253.21152030217183	1842892	0.35	2118	Bacteria	Cyanobacteriota	Cyanobacteriia	PCC-6307	Cyanobiaceae	Prochlorococcus_B	Prochlorococcus_B marinus_B
SQK-NBD114-24_barcode20_1	2311.0285362826908	20	NATL2Aax	B	SQK-NBD114-24_barcode20	/orcd/data/chisholm/001/chisholmlab/experiment_repository/2024/240730Chi/PseudoID-24/20240805_1712_1B_PAW59116_2cfaf0b1/demux_modified_basecall/SQK-NBD114-24_barcode20.bam	1	1	1871994	/nobackup1b/users/chisholmlab/nvo/24_allison_methylation/Nanopore/GenomeAssembly-Snakemake/metabat_binning/bins/SQK-NBD114-24_barcode20/SQK-NBD114-24_barcode20.1.fa	SQK-NBD114-24_barcode20.1	99.99	0.08	1841305	253.3883632923368	1841305	0.35	2114	Bacteria	Cyanobacteriota	Cyanobacteriia	PCC-6307	Cyanobiaceae	Prochlorococcus_B	Prochlorococcus_B marinus_B
SQK-NBD114-24_barcode21_1	2552.5393832085656	21	NATL2Aax	C	SQK-NBD114-24_barcode21	/orcd/data/chisholm/001/chisholmlab/experiment_repository/2024/240730Chi/PseudoID-24/20240805_1712_1B_PAW59116_2cfaf0b1/demux_modified_basecall/SQK-NBD114-24_barcode21.bam	1	1	1873607	/nobackup1b/users/chisholmlab/nvo/24_allison_methylation/Nanopore/GenomeAssembly-Snakemake/metabat_binning/bins/SQK-NBD114-24_barcode21/SQK-NBD114-24_barcode21.1.fa	SQK-NBD114-24_barcode21.1	99.99	0.08	1842892	253.30703826169108	1842892	0.35	2117	Bacteria	Cyanobacteriota	Cyanobacteriia	PCC-6307	Cyanobiaceae	Prochlorococcus_B	Prochlorococcus_B marinus_B
SQK-NBD114-24_barcode22_2	114.26974825317221	22	NATL2Aax + A1A	A	SQK-NBD114-24_barcode22	/orcd/data/chisholm/001/chisholmlab/experiment_repository/2024/240730Chi/PseudoID-24/20240805_1712_1B_PAW59116_2cfaf0b1/demux_modified_basecall/SQK-NBD114-24_barcode22.bam	2	17	1667605	/nobackup1b/users/chisholmlab/nvo/24_allison_methylation/Nanopore/GenomeAssembly-Snakemake/metabat_binning/bins/SQK-NBD114-24_barcode22/SQK-NBD114-24_barcode22.2.fa	SQK-NBD114-24_barcode22.2	99.97	0.03	176066	256.2909090909091	1640259	0.31	1925	Bacteria	Cyanobacteriota	Cyanobacteriia	PCC-6307	Cyanobiaceae	Prochlorococcus_A	Prochlorococcus_A pastoris
SQK-NBD114-24_barcode22_1	3515.291935967859	22	NATL2Aax + A1A	A	SQK-NBD114-24_barcode22	/orcd/data/chisholm/001/chisholmlab/experiment_repository/2024/240730Chi/PseudoID-24/20240805_1712_1B_PAW59116_2cfaf0b1/demux_modified_basecall/SQK-NBD114-24_barcode22.bam	1	1	1873602	/nobackup1b/users/chisholmlab/nvo/24_allison_methylation/Nanopore/GenomeAssembly-Snakemake/metabat_binning/bins/SQK-NBD114-24_barcode22/SQK-NBD114-24_barcode22.1.fa	SQK-NBD114-24_barcode22.1	99.99	0.09	1842887	253.3913043478261	1842887	0.35	2116	Bacteria	Cyanobacteriota	Cyanobacteriia	PCC-6307	Cyanobiaceae	Prochlorococcus_B	Prochlorococcus_B marinus_B
SQK-NBD114-24_barcode22_3	36.63071657671446	22	NATL2Aax + A1A	A	SQK-NBD114-24_barcode22	/orcd/data/chisholm/001/chisholmlab/experiment_repository/2024/240730Chi/PseudoID-24/20240805_1712_1B_PAW59116_2cfaf0b1/demux_modified_basecall/SQK-NBD114-24_barcode22.bam	3	8	4688387	/nobackup1b/users/chisholmlab/nvo/24_allison_methylation/Nanopore/GenomeAssembly-Snakemake/metabat_binning/bins/SQK-NBD114-24_barcode22/SQK-NBD114-24_barcode22.3.fa	SQK-NBD114-24_barcode22.3	100.0	0.04	803775	334.99453008453503	4611523	0.45	4022	Bacteria	Pseudomonadota	Gammaproteobacteria	Enterobacterales	Alteromonadaceae	Alteromonas	Alteromonas macleodii
SQK-NBD114-24_barcode23_1	15.50127584743939	23	NATL2Aax + A1A	B	SQK-NBD114-24_barcode23	/orcd/data/chisholm/001/chisholmlab/experiment_repository/2024/240730Chi/PseudoID-24/20240805_1712_1B_PAW59116_2cfaf0b1/demux_modified_basecall/SQK-NBD114-24_barcode23.bam	1	68	1488162	/nobackup1b/users/chisholmlab/nvo/24_allison_methylation/Nanopore/GenomeAssembly-Snakemake/metabat_binning/bins/SQK-NBD114-24_barcode23/SQK-NBD114-24_barcode23.1.fa	SQK-NBD114-24_barcode23.1	88.04	1.66	32453	252.05743825387708	1463733	0.31	1741	Bacteria	Cyanobacteriota	Cyanobacteriia	PCC-6307	Cyanobiaceae	Prochlorococcus_A	Prochlorococcus_A pastoris
SQK-NBD114-24_barcode23_2	181.3837343696755	23	NATL2Aax + A1A	B	SQK-NBD114-24_barcode23	/orcd/data/chisholm/001/chisholmlab/experiment_repository/2024/240730Chi/PseudoID-24/20240805_1712_1B_PAW59116_2cfaf0b1/demux_modified_basecall/SQK-NBD114-24_barcode23.bam	2	1	1873607	/nobackup1b/users/chisholmlab/nvo/24_allison_methylation/Nanopore/GenomeAssembly-Snakemake/metabat_binning/bins/SQK-NBD114-24_barcode23/SQK-NBD114-24_barcode23.2.fa	SQK-NBD114-24_barcode23.2	99.99	0.08	1842892	253.3094000944733	1842892	0.35	2117	Bacteria	Cyanobacteriota	Cyanobacteriia	PCC-6307	Cyanobiaceae	Prochlorococcus_B	Prochlorococcus_B marinus_B
SQK-NBD114-24_barcode24_2	16.062754073698645	24	NATL2Aax + A1A	C	SQK-NBD114-24_barcode24	/orcd/data/chisholm/001/chisholmlab/experiment_repository/2024/240730Chi/PseudoID-24/20240805_1712_1B_PAW59116_2cfaf0b1/demux_modified_basecall/SQK-NBD114-24_barcode24.bam	2	62	1642613	/nobackup1b/users/chisholmlab/nvo/24_allison_methylation/Nanopore/GenomeAssembly-Snakemake/metabat_binning/bins/SQK-NBD114-24_barcode24/SQK-NBD114-24_barcode24.2.fa	SQK-NBD114-24_barcode24.2	95.51	0.06	41010	244.33485772357724	1615655	0.31	1968	Bacteria	Cyanobacteriota	Cyanobacteriia	PCC-6307	Cyanobiaceae	Prochlorococcus_A	Prochlorococcus_A pastoris
SQK-NBD114-24_barcode24_1	217.64652571090593	24	NATL2Aax + A1A	C	SQK-NBD114-24_barcode24	/orcd/data/chisholm/001/chisholmlab/experiment_repository/2024/240730Chi/PseudoID-24/20240805_1712_1B_PAW59116_2cfaf0b1/demux_modified_basecall/SQK-NBD114-24_barcode24.bam	1	1	1873610	/nobackup1b/users/chisholmlab/nvo/24_allison_methylation/Nanopore/GenomeAssembly-Snakemake/metabat_binning/bins/SQK-NBD114-24_barcode24/SQK-NBD114-24_barcode24.1.fa	SQK-NBD114-24_barcode24.1	99.99	0.08	1842895	253.38563327032136	1842895	0.35	2116	Bacteria	Cyanobacteriota	Cyanobacteriia	PCC-6307	Cyanobiaceae	Prochlorococcus_B	Prochlorococcus_B marinus_B
