motif_ID	motif_ALT_ID	seq_ID	site_Start	site_End	site_Strand	site_Score	site_Sequence
1-HWCCTCCHNWWWHW	STREME-1	49	4	17	-	15.02	CGCCTCCGTTACCT
1-HWCCTCCHNWWWHW	STREME-1	21	9	22	+	14.67	TACCTCCTGTAACT
1-HWCCTCCHNWWWHW	STREME-1	59	4	17	-	14.45	CGCCTCCAATAACT
1-HWCCTCCHNWWWHW	STREME-1	47	4	17	-	14.34	ACCCTCCGCGGACG
1-HWCCTCCHNWWWHW	STREME-1	60	4	17	-	14.02	GTCCTCCACGGCGC
1-HWCCTCCHNWWWHW	STREME-1	50	4	17	-	13.92	AACCTCCCCGTCGA
1-HWCCTCCHNWWWHW	STREME-1	89	4	17	-	13.46	CCCCTCCACCGACC
1-HWCCTCCHNWWWHW	STREME-1	37	4	17	-	13.38	TGCCTCCCGTAGGA
1-HWCCTCCHNWWWHW	STREME-1	81	4	17	-	13.26	GTCCTCCCCGAATA
1-HWCCTCCHNWWWHW	STREME-1	44	4	17	-	13.24	CCCCTCCCGGGGTT
1-HWCCTCCHNWWWHW	STREME-1	41	9	22	+	13.11	TACCTCCACTGAAT
1-HWCCTCCHNWWWHW	STREME-1	85	9	22	+	13.09	CGCCTCCGTGAAAG
1-HWCCTCCHNWWWHW	STREME-1	67	4	17	-	13.09	CACCTCCTTTACTA
1-HWCCTCCHNWWWHW	STREME-1	22	9	22	+	13.07	TACCTCCTATGAAT
1-HWCCTCCHNWWWHW	STREME-1	84	4	17	-	13.02	GACCTCCTAAAACT
1-HWCCTCCHNWWWHW	STREME-1	86	4	17	-	12.98	CACCTCCCTTTCAC
1-HWCCTCCHNWWWHW	STREME-1	51	4	17	-	12.92	TTCCTCCCGGTCCT
1-HWCCTCCHNWWWHW	STREME-1	70	4	17	-	12.85	CTCCTCCACTAGAT
1-HWCCTCCHNWWWHW	STREME-1	69	9	22	+	12.74	TACCTCCATTAAAT
1-HWCCTCCHNWWWHW	STREME-1	87	4	17	-	12.73	TACCTCCAGATGTT
1-HWCCTCCHNWWWHW	STREME-1	55	4	17	-	12.70	TACCTCCAAAAACT
1-HWCCTCCHNWWWHW	STREME-1	11	9	22	+	12.68	AACCTCCTGTATCT
1-HWCCTCCHNWWWHW	STREME-1	53	9	22	+	12.59	AACCTCCCATAGCA
1-HWCCTCCHNWWWHW	STREME-1	26	9	22	+	12.56	TACCTCCAGTAAAG
1-HWCCTCCHNWWWHW	STREME-1	3	9	22	+	12.52	TCCCTCCTGTAATG
1-HWCCTCCHNWWWHW	STREME-1	17	4	17	-	12.40	TTCCTCCAGTAAGT
1-HWCCTCCHNWWWHW	STREME-1	20	9	22	+	12.40	TACCTCCAATGCTT
1-HWCCTCCHNWWWHW	STREME-1	25	4	17	-	12.39	AACCTCCTTATACT
1-HWCCTCCHNWWWHW	STREME-1	13	9	22	+	12.38	TTCCTCCTCTACCT
1-HWCCTCCHNWWWHW	STREME-1	45	4	17	-	12.38	GACCTCCACTTGGT
1-HWCCTCCHNWWWHW	STREME-1	88	4	17	-	12.37	CCCCTCCTAGAGCC
1-HWCCTCCHNWWWHW	STREME-1	28	4	17	-	12.35	ATCCTCCCGAGGTT
1-HWCCTCCHNWWWHW	STREME-1	12	9	22	+	12.35	GTCCTCCTATTGTT
1-HWCCTCCHNWWWHW	STREME-1	42	4	17	-	12.33	ATCCTCCGTGAGCC
1-HWCCTCCHNWWWHW	STREME-1	75	9	22	+	12.31	TACCTCCTTTAATA
1-HWCCTCCHNWWWHW	STREME-1	72	9	22	+	12.27	GTCCTCCCTAGCCC
1-HWCCTCCHNWWWHW	STREME-1	24	4	17	-	12.26	TCCCTCCAGTCCCG
1-HWCCTCCHNWWWHW	STREME-1	93	9	22	+	12.26	CACCTCCAAAAGTA
1-HWCCTCCHNWWWHW	STREME-1	4	4	17	-	12.16	CACCTCCAGCAATT
1-HWCCTCCHNWWWHW	STREME-1	52	4	17	-	12.13	CTCCTCCGCTGCAC
1-HWCCTCCHNWWWHW	STREME-1	82	4	17	-	12.03	CTCCTCCAATAATT
1-HWCCTCCHNWWWHW	STREME-1	48	9	22	+	12.01	CGCCTCCTAAAAGG
1-HWCCTCCHNWWWHW	STREME-1	32	4	17	-	11.90	TTCCTCCAAGACAT
1-HWCCTCCHNWWWHW	STREME-1	18	4	17	-	11.86	CCCCTCCCCATGAT
1-HWCCTCCHNWWWHW	STREME-1	8	9	22	+	11.85	GACCTCCTAGATCC
1-HWCCTCCHNWWWHW	STREME-1	40	9	22	+	11.81	CACCTCCTAACAGG
1-HWCCTCCHNWWWHW	STREME-1	23	9	22	+	11.74	TTCCTCCGTAGATT
1-HWCCTCCHNWWWHW	STREME-1	76	4	17	-	11.72	TACCTCCAATAAAA
1-HWCCTCCHNWWWHW	STREME-1	29	9	22	+	11.69	AACCTCCCCTAAAA
1-HWCCTCCHNWWWHW	STREME-1	61	9	22	+	11.68	TGCCTCCCTGACAA
1-HWCCTCCHNWWWHW	STREME-1	63	4	17	-	11.63	GGCCTCCTACATAT
1-HWCCTCCHNWWWHW	STREME-1	5	4	17	-	11.62	TGCCTCCAATTATT
1-HWCCTCCHNWWWHW	STREME-1	54	9	22	+	11.58	AACCTCCCAATATA
1-HWCCTCCHNWWWHW	STREME-1	83	4	17	-	11.40	GTCCTCCAATCATC
1-HWCCTCCHNWWWHW	STREME-1	62	4	17	-	11.39	CCCCTCCTGTCTCT
1-HWCCTCCHNWWWHW	STREME-1	39	1	14	-	11.29	CTCCTCCACAAGGG
1-HWCCTCCHNWWWHW	STREME-1	34	9	22	+	11.21	GACCTCCTGTTTTT
1-HWCCTCCHNWWWHW	STREME-1	43	4	17	-	11.19	TTCCTCCAGCTACT
1-HWCCTCCHNWWWHW	STREME-1	65	4	17	-	11.17	AACCTCCTTTGATT
1-HWCCTCCHNWWWHW	STREME-1	68	4	17	-	11.17	AGCCTCCATCCGAC
1-HWCCTCCHNWWWHW	STREME-1	90	4	17	-	11.13	TACCTCCGAAGAAA
1-HWCCTCCHNWWWHW	STREME-1	80	9	22	+	11.08	TGCCTCCTCTTCTT
1-HWCCTCCHNWWWHW	STREME-1	36	4	17	-	11.05	CCCCTCCTGAGGGC
1-HWCCTCCHNWWWHW	STREME-1	79	4	17	-	10.88	AGCCTCCTCTTCTC
1-HWCCTCCHNWWWHW	STREME-1	16	4	17	-	10.83	GTCCTCCATGATTA
1-HWCCTCCHNWWWHW	STREME-1	38	4	17	-	10.77	TTCCTCCGGTTTAT
1-HWCCTCCHNWWWHW	STREME-1	46	4	17	-	10.76	AACCTCCTGGTTGT
1-HWCCTCCHNWWWHW	STREME-1	35	4	17	-	10.75	AGCCTCCTTAGATA
1-HWCCTCCHNWWWHW	STREME-1	73	4	17	-	10.70	TTCCTCCCCCAATC
1-HWCCTCCHNWWWHW	STREME-1	57	9	22	+	10.66	TCCCTCCATTTGAT
1-HWCCTCCHNWWWHW	STREME-1	77	9	22	+	10.65	AGCCTCCTTCGGCA
1-HWCCTCCHNWWWHW	STREME-1	1	9	22	+	10.65	ACCCTCCGAATCAG
1-HWCCTCCHNWWWHW	STREME-1	30	9	22	+	10.63	AGCCTCCTTTTATA
1-HWCCTCCHNWWWHW	STREME-1	64	9	22	+	10.59	AGCCTCCATTAAAA
1-HWCCTCCHNWWWHW	STREME-1	39	4	17	-	10.58	GTCCTCCTCCACAA
1-HWCCTCCHNWWWHW	STREME-1	9	9	22	+	10.51	AACCTCCCTATTTT
1-HWCCTCCHNWWWHW	STREME-1	27	4	17	-	10.47	AACCTCCTGAATTA
1-HWCCTCCHNWWWHW	STREME-1	2	9	22	+	10.46	ACCCTCCTAATAAA
1-HWCCTCCHNWWWHW	STREME-1	91	4	17	-	10.38	AACCTCCATACTTT
1-HWCCTCCHNWWWHW	STREME-1	74	9	22	+	10.27	AACCTCCATAATGG
1-HWCCTCCHNWWWHW	STREME-1	56	4	17	-	10.25	TACCTCCAAATTTT
1-HWCCTCCHNWWWHW	STREME-1	19	4	17	-	10.12	CTCCTCCCCTCTTC
1-HWCCTCCHNWWWHW	STREME-1	71	9	22	+	10.01	TTCCTCCGAATAAA
1-HWCCTCCHNWWWHW	STREME-1	31	4	17	-	9.96	ACCCTCCTAATTTT
1-HWCCTCCHNWWWHW	STREME-1	7	4	17	-	9.85	GACCTCCAGCTTCA
1-HWCCTCCHNWWWHW	STREME-1	92	9	22	+	9.76	AGCCTCCAAAAGAG
1-HWCCTCCHNWWWHW	STREME-1	78	9	22	+	9.73	TCCCTCCCAAAAAA
1-HWCCTCCHNWWWHW	STREME-1	15	9	22	+	9.54	GACCTCCAACCTTT
1-HWCCTCCHNWWWHW	STREME-1	94	4	17	-	9.45	ATCCTCCAAAATGC
1-HWCCTCCHNWWWHW	STREME-1	58	4	17	-	9.37	ACCCTCCCTTCCAA
1-HWCCTCCHNWWWHW	STREME-1	66	4	17	-	8.79	AACCTCCTTTTTAA
1-HWCCTCCHNWWWHW	STREME-1	10	9	22	+	8.76	TTCCTCCAAGCTTC
1-HWCCTCCHNWWWHW	STREME-1	14	9	22	+	8.71	TTCCTCCTTCTTAC
1-HWCCTCCHNWWWHW	STREME-1	6	4	17	-	8.69	AACCTCCTTCTTTT
1-HWCCTCCHNWWWHW	STREME-1	33	4	17	-	8.41	ATCCTCCTAATTGG
#
2-ACCGCCCC	STREME-2	48	1	8	-	19.66	ACCGCCCC
#
3-AGCGGACT	STREME-3	41	1	8	-	17.80	AGCGGACT
#
4-ACAGGGGT	STREME-4	85	1	8	-	17.34	ACAGGGGT
